TitleID,Listed subjects
164,Botany ; Apocynaceae ; South America
209,Central America ; Botany
217,Plants ; South America
246,Oceania ; Blossom (Ship) ; Botany ; South America ; Mexico
460,Botany ; Cuba ; Mexico ; South America
561,Botany ; Early works to 1800 ; Pictorial works ; Central America ; West Indies
640,Classification ; Botany ; Plants ; Pictorial works ; South America ; Scientific Expeditions
715,"Rubiaceae ; Plants ; Botany ; South America ; Botany, Medical ; Cinchona"
730,Archaeology ; Central America ; Decription and travel ; Botany ; Zoology ; Scientific Expeditions
737,Central America ; West Indies ; Plants
827,Plants ; Guatemala ; Central America
1294,Peru ; Archaeology ; Indians of South America
1646,Myxomycetes ; North America ; Central America
1715,North America ; South America ; Neuroptera
2174,South America ; Fishes ; Bibliography ; Guyana
2248,Nyctaginaceae ; Botany ; Chenopodiaceae ; South America
2252,Central America ; Botany
2272,Central America ; Botany
2280,Botany ; Central America
2288,Compositae ; Botany ; South America
2302,Botany ; Central America
2304,Botany ; South America ; Peru
2311,Botany ; Central America
2316,Central America ; Botany
2391,Botany ; Central America
2399,Botany ; Tropical plants ; Central America
2407,Botany ; Central America
2414,South America ; Compositae ; Botany
2415,Syagrus ; Botany ; South America
2416,Ferns ; Latin America ; Cnemidania
2420,Central America ; Botany
2430,South America ; Syagrus ; Botany
2431,Central America ; Botany
2433,Lagascea ; Botany ; Classification ; Latin America
2439,Botany ; Central America ; Tropical plants
2442,Tropical plants ; Botany ; Central America
2446,Latin America ; Attalea ; Classification ; Palms ; Botany
2538,Classification ; Saurauia ; South America ; Botany
2539,Central America ; Fishes ; Mexico
2555,Mexico ; Botany ; Central America ; Hoffmannia
2558,Amphibians ; South America
2560,Birds ; Central America ; South America
2570,South America ; Birds ; Vogels
2571,Botany ; Central America
2595,Cleridae ; North America ; Central America ; Beetles
2596,South America ; Mammals
2599,Tropical plants ; Central America ; Botany
2600,"Indians of South America ; Ethnobotany ; Ecuador ; Plants, Useful"
2603,Fishes ; Central America
2608,South America ; Botany
2618,Classification ; South America ; Brunfelsia ; Solanaceae
2622,South America ; Birds
2629,Central America ; Botany
2632,Mammals ; South America
2635,Botany ; Central America ; Cyperaceae
2660,Central America ; Hemichaena ; Botany ; Mexico
2663,Latin America ; Botany
2689,Platyrrhinus ; Classification ; Bats ; Phyllostomidae ; South America
2726,Mammals ; Captain Marshall Field expeditions ; South America ; Notiomys
2764,"Description and travel ; Amazon River Valley ; Brazil ; Natural history ; 1823-1913 ; Indians of South America ; Wallace, Alfred Russel,"
2765,Mexico ; South America ; Coffea ; Culture ; Central America ; West Indies
2781,Mammals ; Muridae ; South America
2799,Ecuador ; Fishes ; Rhinodoras dorbigny ; South America ; Rhinodoras boehlkei
2835,Hylidae ; Frogs ; Central America
2843,Cebidae ; Monkeys ; South America
2871,Frogs ; Mexico ; Central America
2893,Akodon ; Muridae ; South America ; Classification ; Rodents
2894,Mexico ; Sceloporus ; Reptiles ; Central America
2902,South America ; Zoology ; Rats
2908,Mexico ; Snakes ; South America
2931,"Antiquities ; Mounds ; Indians of South America ; Maranga, Peru ; Peru ; Maranga"
2988,Latin America ; Classification ; Stenus ; Insects
2998,Mollusks ; South America
3045,Mammals ; Rodents ; South America
3093,South America ; Mollusks
3101,Central America ; Snakes ; Mexico
3181,"South America ; Geographical distribution ; Sedge wren ; Birds ; Inger, Robert F"
3207,Amphibians ; Congresses ; Reptiles ; South America
3223,South America ; Snakes
3235,Birds ; South America
3314,"Cenozoic ; Paleontology ; Caenolestidae ; Mammals, Fossil ; Classification ; South America"
3324,"South America ; Paleontology ; Prothylacyninae ; Marsupials, Fossil"
3325,"Peru ; Antiquities ; Pottery ; Pottery, Prehistoric ; Indians of South America ; Paruro (Peru : Province) ; Paruro (Province)"
3335,South America ; Classification ; Erethizontidae ; North America ; Anoplura ; Mallophaga ; Eutrichophilus ; Parasites ; Trichodectidae
3336,Muridae ; Mice ; Sigmodontinae ; Classification ; South America ; Phylogeny
3350,Tertiary ; South America ; Polydolopidae ; Paleontology
3351,Oxymycterus ; Oxymycterus amazonicus ; Classification ; South America ; Muridae
3420,"South America ; Marsupials, Fossil ; Microbiotheriidae"
3439,"Marsupials, Fossil ; Oligocene ; South America ; Paleontology"
3482,Mollusks ; South America
3483,Classification ; South America ; Aspredinidae ; Ecuador ; Fishes ; Hoplomyzontini
3484,Central America ; Volcanoes
3491,Religion and mythology ; Maya language ; Belize ; Ethnology ; Indians of Central America ; Mayas
3511,Social life and customs ; Antiquities ; South America ; Indians of South America
3521,South America ; Classification ; Gracilinanus ; Opossums
3560,Amphibians ; Hyla ; Central America
3586,Floras of North America ; houtachtige planten als sierplanten ; Trees ; Central America ; Centraal-Amerika ; North America ; Plantengeografie ; bosbouw ; Botany ; Nordamerika ; bomen ; Ornamental woody plants ; Noord-Amerika ; Phytogeography ; Spermatophy
3643,Botany ; Plants ; South America
3808,Birds ; South America
3827,Rubiaceae ; South America ; Central America
3829,Mammals ; South America ; Rodents
3847,Central America ; Tropical plants ; Botany
4003,Opiliones ; Invertebrates ; Whip scorpions ; Western South America
4049,Beetles ; Caribbean Area ; Staphylinidae ; South America ; Central America ; Classification
4056,Staphylinidae ; Classification ; Latin America ; Elmas
4098,(1838-1842) ; Oceania ; South America ; United States Exploring Expedition ; Discovery and exploration ; Description and travel ; Palestine
4173,Marine pollution ; Coasts ; Indicators (Biology) ; Mussels ; Central America ; South America ; Caribbean Area ; Latin America ; Monitoring
4343,Discoveries in geography ; Spain ; Discovery and exploration ; Natural history ; Early accounts to 1600 ; Indians ; Shipwrecks ; Spanish ; Central America ; Colonies ; America ; West Indies
4348,Central America ; Polygala ; West Indies
4367,Pictorial works ; Plants ; Central America ; West Indies
4389,"West Indies ; Central America ; South America ; Botany, Medical"
4686,South America ; Fishes ; Bibliography ; Guyana
4714,Central America ; Botany
4722,Natural history ; Physical geography ; South America ; Description and travel
5080,Pudu ; South America ; Deer
5180,Peru ; Pottery dating ; Archaeology ; Indians of South America ; Pottery
5189,"Argentina ; Antiquities ; Santa Maria Valley, Argentine Republic ; Santa Maria Valley ; Indians of South America ; Pottery ; Urns"
5260,"Peru ; Antiquities ; Excavations (Archaeology) ; Indian pottery ; Indians of South America ; Cuzco Region (Peru) ; Cuzco Region ; Pottery, Prehistoric"
5262,"Indians of South America ; Antiquities ; Catalogs ; Indian pottery ; Peru ; Pottery, Prehistoric ; South America ; Catalogs and collections ; Field Museum of Natural History"
5292,Indians of South America ; Antiquities ; Nazca culture ; Captain Marshall Field Archaeological Expeditions ; Nazca River Valley ; Peru
5299,PALEONTOLOGIA ; Paleontology ; South America
5347,Diaquita Indians ; Indians of South America ; Antiquities ; Argentina ; Pottery ; Tucumán (Province) ; Tucumán (Argentina : Province)
5435,Brazil nut ; Lecythidaceae ; South America ; Trees
5441,"1793-1859 ; Botany ; Description and travel ; 1732-1808 ; 1771-1816 ; Politics and government ; South America ; Codazzi, Agustín, ; Colombia ; Caldas, Francisco José de, ; Mutis, José Celestino,"
5578,"Latin America ; South America ; Mammals ; Hershkovitz, Philip ; Mammalia (sistematica)"
5595,Periodicals ; Natural history ; South America ; Argentina
5597,South America ; Argentina ; Natural history ; Periodicals
5769,South America ; Amphibians ; Classification
6148,Tropical plants ; Plants ; South America
6519,Antiquities ; Pottery ; Indians of South America ; Excavations (Archaeology) ; Ecuador
6701,South America ; Compositae
6760,"Description and travel ; Voyages around the world ; Cook, James, ; Oceania ; 1728-1779 ; Biography ; Officers ; Journeys ; Pacific Coast (South America) ; Royal Navy ; Great Britain ; Discovery and exploration"
6853,Pacific coast ; Mollusks ; Pacific Coast (South America) ; Panama ; Bivalvia
6951,Animal behaviour ; Ecology ; zeevogels ; Central America ; habits ; Noord-Amerika ; Pelecaniformes ; diergedrag ; Pelikanen ; Aves ; 59.82(7) ; North America ; Pelicans ; Procellariiformes ; Centraal-Amerika ; Stormvogelachtigen ; Birds ; Petrels ; gewoon
7019,"Books and reading ; Hunting ; Conservation ; Description and travel ; Birds ; Zoology ; South America ; Southwest, New"
7093,Discoveries in geography ; Spain ; Discovery and exploration ; Colonies ; America ; Indians ; Natural history ; Shipwrecks ; Central America ; Early accounts to 1600 ; West Indies
7095,"Latin America ; Woodcut ; Herbals ; 1576 ; Botany, Medical ; Graphic media : ; Materia medica, Vegetable ; India ; Uncolored ; Early works to 1800"
7213,"Early works to 1800 ; 1593 ; Latin America ; Uncolored ; Materia medica, Vegetable ; Botany, Medical ; Graphic media : ; Herbals ; Woodcut"
7509,North America ; Central America ; Mexico ; Birds
8045,Early accounts to 1600 ; West Indies ; America ; Pre-Linnean works ; Discovery and exploration ; Spanish ; Central America ; Natural history
8048,"North America ; Herbs ; Pre-Linnean works ; Botany, Medical ; Herbals ; Therapeutic use ; South America ; Botany"
8234,Fishing ; Central America ; Fishes ; North America ; Identification
8436,Identification ; Anatidae ; South America ; Steamer ducks
8482,Mexico ; Toads ; Classification ; Bufonidae ; Central America
8572,Diptera ; South America ; Robber flies ; Flies
8756,"Botany, Medical ; Latin America ; Materia medica"
9013,"Botany, Medical ; Plants ; Indians of South America ; Colombia ; Medicine"
9044,South America ; Plants ; West Indies
9310,South America ; Phytogeography ; Plants
9448,South America ; Empididae ; Diptera
9463,South America ; Thétis (Frigate) ; Voyages around the world ; Description and travel ; Scientific Expeditions ; L'Espérance (Corvette)
10141,Latin America ; Staphylinidae ; Classification ; Beetles
10265,Latin America ; Bivalves ; Mollusks
10268,South America ; Mollusks
10368,Bibliography ; Spain ; Portugal ; Mollusks ; Philippines ; South America
10597,South America ; Moths
10824,South America ; Plants ; Lauraceae ; Cinnamomum ; North America
11067,Cuba ; Mollusks ; Central America
11333,Chile ; Colonies ; South America ; Colombia ; Peru ; Spain
11391,Oligochaeta ; South America ; Central America
11454,Fishes ; Orestias ; Gymnotidae ; South America
11798,Siluridae ; South America ; Fishes ; Characidae
11829,Fishes ; Central America
11831,South America ; Earthworms ; Anteus
11888,Freshwater mussels ; Unionidae ; South America
11916,Brewster-Sanford Expedition of the American Museum ; 59.82(26.6) ; Sea birds ; South America ; (1912-1917) ; Antarctica ; Birds
11953,Fishes ; South America ; Bibliography ; Central America
11964,South America ; Serpents
11972,South America ; Amphibians ; Classification
12969,Gymnotidae ; Fishes ; South America
13397,Birds ; South America
13419,Central America ; Birds ; West Indies ; Mexico
13535,"Amazon River Valley ; Brazil ; Portraits ; 1825-1892 ; Natural history ; Indians of South America ; Bates, Henry Walter,"
13686,South America ; Central America ; West Indies ; Description and travel
14172,Chrysomelidae ; South America ; Beetles
14216,"Mammals, Fossil ; Zoology ; (1831-1836) ; Beagle Expedition ; Birds ; Paleontology ; South America"
14373,Periodicals ; Natural history ; Latin America ; Chile
14917,Mexico ; South America ; Central America ; Birds
15467,Peperomia ; South America
15694,Central America ; Squirrels ; Mexico ; Mammals
15738,Brazil ; Mammals ; South America
15821,Mollusks ; South America.
16406,Economic conditions ; Ethnology ; Description and travel ; Brazil ; Mines and mineral resources ; Indians of South America
17162,Description and travel ; Indians of South America ; Natural history ; Amazon River Valley ; Brazil
17775,Early accounts to 1600 ; Discovery and exploration ; Colonies ; West Indies ; America ; Discoveries in geography ; Natural history ; Central America ; Spain ; Shipwrecks ; Indians
17873,Natural history ; Indians of Mexico ; Peru ; America ; Early accounts to 1600 ; Indians of South America ; Latin America
17908,Description and travel ; Amazon River Valley ; South America ; Andes ; Botany
17928,Botany ; South America ; Description and travel
18192,Nicaragua ; Hunting ; Central America ; Description and travel
18283,Science ; South America ; Description and travel ; Plant morphology ; Physical geography
18997,Cartography ; Casa de Contratación (Spain) ; Botany ; History ; Zoology ; America ; Spanish ; Discovery and exploration ; Latin America
19028,"South America ; 1480-1532? ; fl. 1533-1546 ; Ordaz, Diego de, ; El Dorado ; Ortal, Geronimo de, ; Description and travel ; Maps"
19118,Indians of Mexico ; Latin America ; Peru ; Natural history ; America ; Early accounts to 1600 ; Indians of South America
19332,Indians of South America ; Latin America ; Natural history ; Early accounts to 1600 ; Indians of Mexico ; America ; Early works to 1800 ; Peru
19750,Hunting ; Description and travel ; Pacific coast ; Latin America ; Reindeer (British steam sloop)
20768,Description and travel ; (1831-1836) ; South America ; Beagle Expedition ; Natural history
21434,Botany ; Classification ; Description and travel ; Indians of North America ; Southern States ; Spain ; America ; Plants ; South America ; Early works to 1800 ; Louisiana ; Mississippi River Valley ; Haiti
21755,Physical geography ; Description and travel ; Science ; Plant morphology ; South America
22092,North America ; Neuroptera ; South America
22342,(1831-1836) ; Natural history ; South America ; Beagle Expedition ; Description and travel ; Voyages around the world
22635,Mexico ; Siberia (Russia) ; South America ; Description and travel ; Scientific Expeditions
23548,Scientific Expeditions ; Description and travel ; Natural history ; South America
23593,Description and travel ; Voyages around the world ; Beagle Expedition ; Geology ; (1831-1836) ; South America ; Natural history
24288,Description and travel ; Scientific Expeditions ; South America ; Mexico
24431,Castilla ; Central America ; Rubber industry and trade ; Mexico
24935,Geology ; Prehistoric peoples ; Argentina ; Paleontology ; South America
24967,South America ; Botany ; Description and travel
25011,Description and travel ; 19th century ; (1831-1836) ; History ; Natural history ; South America ; Voyages around the world ; Beagle Expedition ; Geology
25164,Central America ; Mexico ; Botany
25244,South America ; Description and travel ; Scientific Expeditions
25258,Description and travel ; Latin America ; Natural history
25451,Natural history ; South America ; (1831-1836) ; Voyages around the world ; Beagle Expedition ; Description and travel
25533,Geology ; Paleontology ; Prehistoric peoples ; South America ; Argentina
25577,South America ; Geology ; Beagle Expedition ; (1831-1836) ; Description and travel ; Natural history ; Voyages around the world
26228,Voyages around the world ; Description and travel ; Beagle Expedition ; Geology ; Natural history ; (1831-1836) ; South America
26616,Indians of South America ; Amazon Valley ; Natural history ; Amazon River Valley ; Description and travel
26978,Oregon ; Discovery and exploration ; Description and travel ; Hawaii ; Antarctica ; United States Exploring Expedition ; (1838-1842) ; Oceania ; South America
27538,Description and travel ; (1831-1836) ; Voyages around the world ; Beagle Expedition ; South America ; Natural history
27646,Central America ; Birds ; South America ; Mexico
28264,Birds ; Venezuela ; Guyana ; South America ; Description and travel
28345,Voyages around the world ; Description and travel ; Beagle Expedition ; Geology ; Natural history ; (1831-1836) ; South America
28957,Amazon River Valley ; Indians of South America ; Brazil ; Natural history ; Languages ; Description and travel
29086,Description and travel ; Plant morphology ; South America ; Physical geography ; Science
29734,Natural history ; Scientific Expeditions ; Description and travel ; South America
30137,Classification ; South America ; Catfishes
30246,Description and travel ; Amazon River ; Ecuador ; South America ; Natural history ; Andes
30743,Agriculture ; Bolivia ; Indians of South America
32420,Brazil ; Mato Grosso (Brazil : State) ; Mato Grosso (State) ; Indians of South America ; Xingu River (Brazil) ; Description and travel ; Scientific Expeditions
33029,Scientific Expeditions ; South America ; Description and travel ; Mexico ; Natural history
33105,Indians of South America ; Paraguay ; Birds ; Natural history ; Description and travel
33139,Brazil ; Guyana ; Zoology ; South America ; Description and travel
33145,Nicaragua ; Hunting ; Central America ; Description and travel
34212,Natural history ; South America ; Description and travel
34262,(1831-1836) ; Guidebooks ; Natural history ; Voyages around the world ; South America ; Description and travel ; Beagle Expedition ; Geology
36031,Hunting ; South America ; Description and travel ; Pacific States
36463,Natural history ; Latin America ; Early accounts to 1600 ; Indians of Mexico ; America ; Indians of South America ; Peru
36485,Amazon River ; Indians of South America ; Brazil ; Amazonas (Brazil) ; Natural history ; Amazon River Valley
36897,"Farms ; Dissertations, Academic ; Agriculture ; Central America ; Land tenure ; Sociology thesis Ph. D ; Sociology ; UF"
37335,Amazon River Valley ; Natural history ; Indians of South America ; Brazil
38044,Oceania ; Zoology ; Voyages around the world ; Description and travel ; South America
38411,Hunting ; Latin America ; Pacific coast (United States and Canada) ; Pacific Coast (South America) ; Description and travel
38417,Pacific Coast (South America) ; Birds
38626,Pacific Coast (North America) ; Description and travel ; Latin America ; Scientific Expeditions ; Philippine Islands ; Voyages around the world
38627,Voyages around the world ; Pacific Coast (North America) ; Description and travel ; Philippine Islands ; Latin America ; Scientific Expeditions
38860,Natural history ; Central America ; North America ; Pictorial works
39143,Natural history ; Latin America ; Description and travel
39157,"Cuiabá (Mato Grosso, Brazil) ; Description and travel ; South America ; Natural history ; Brazil"
39249,South America ; Science ; Plant morphology ; Politics and government ; Physical geography
39714,Central America ; Fishes ; North America
39716,Central America ; Fishes ; North America
39717,Fishes ; North America ; Central America
39720,Central America ; Fishes ; North America
39988,Periodicals ; Oceanography ; South America ; Zoology
40042,Physical geography ; Science ; South America ; Description and travel ; Plant morphology
41380,Plants ; Tropical plants ; South America
41526,Deep-sea animals ; Sea urchins ; Echinodermata ; Pacific coast ; Central America ; Panama ; Albatross (Steamer)
43182,South America ; Gymnotidae ; Fishes ; Eels
43279,Snakes ; South America ; Catalogs
43388,Indians of South America ; Early accounts to 1600 ; Indians of Mexico ; America ; Peru ; Discovery and exploration ; Latin America ; Natural history
43770,Atlantic Ocean ; Mollusks ; Scientific Expeditions ; Bivalves ; South America ; Zoology
43910,Natural history ; Description and travel ; Scientific Expeditions ; South America
43951,Catfishes ; Tricomycteridae ; South America
45490,Unionidae ; Fresh-water mussels ; South America
45601,Physical geography ; South America ; Plant morphology ; Description and travel
46248,Brazil ; Amazon River Valley ; Indians of South America ; Natural history
46434,United States ; Québec (Province) ; Description and travel ; Brazil ; Zoology ; South America
46527,"Paleontology ; Coral reefs and islands ; Cuba ; Central America ; Corals, Fossil ; Puerto Rico"
46579,Fishes ; Characidae ; South America
46653,Squamata ; Latin America ; Reptiles
47078,Natural history ; Indians of South America ; Description and travel ; South America
47139,"1782-1865 ; Waterton, Charles, ; South America ; Zoology ; United States ; Description and travel ; Québec (Province) ; Brazil"
47149,Fishes ; South America
48501,Indians of South America ; America ; Craniology
48544,Brazil ; Early works to 1800 ; Medicine ; Natural history ; Indians of South America
48609,"Archaeology ; Indians of South America ; Animals, Fossil ; Travel ; History ; Castelnau, Francis, ; Bolivia ; Natural history ; Peru ; Plants ; South America ; 19th century ; Animals ; Description and travel ; Scientific Expeditions ; Brazil ; comte de, ;"
48926,Latin America ; Rice
49067,Natural history ; Panama ; Indians of Central America ; Description and travel ; Early works to 1800
49531,South America ; Zoology ; Voyages and travels
49607,United States ; South America ; Zoology ; Brazil ; Description and travel ; Québec (Province)
49708,Zoology ; 1764-1850 ; Description and travel ; South America ; Québec (Province) ; United States
49920,Palms ; South America ; Classification
50105,Grasses ; Central America ; North America ; Love grass
51373,Natural history ; Peru ; Indians of South America ; Indians of Mexico ; Early accounts to 1600 ; America ; Latin America
51701,South America ; Lepidoptera
51763,Brazil ; Imprint 1808 ; Tobacco ; Taxation ; Colonies ; South America ; Portugal ; Bahia (State) ; CPJCB
52034,Description and travel ; (1831-1836) ; Geology ; South America ; Beagle Expedition ; Natural history ; Voyages around the world
52063,Latin America ; Mammals ; Classification ; Bats ; Blood proteins
52085,Fishes ; South America
52088,Classification ; Latin America ; Mammals ; Otters ; North America ; Lutra
52127,eilanden ; Asia ; Evolution ; Geologie ; Insel ; Lebensraum ; Biogeography ; Evolutie ; South America ; Fauna ; biogeografia ; galapagoseilanden ; Islands ; Afrika ; Galapagos Islands ; netherlands east indies ; dierecologie ; Geology ; Australia ; Flora
52228,Free-tailed bats ; Africa ; South America ; Bats
52297,"Broadsides, etc ; Colonies ; Brazil ; Portugal ; South America ; CPJCB ; Imprint 1809 ; Lisbon ; Plant introduction"
53485,"Central America ; Herpetology ; Reptiles, Fossil"
53548,South America ; Tropics ; Birds ; Central America
53666,"Mexico ; Panama ; Description and travel ; Central America ; Natural history ; Indians of Mexico ; Wafer, Lionel, ; Travel ; Early works to 1800 ; 1660?-1705? ; Pre-Linnean works ; Indians of Central America"
53798,Darien ; South America ; Ecuador ; Zoology
53811,Peru ; Brazil ; Butterflies ; Latin America ; Lepidoptera ; Moths ; South America
54584,Central America ; Birds ; Mexico ; 1879
54802,South America ; Apocynaceae ; Botany
55788,United States ; Description and travel ; Québec (Province) ; Zoology ; South America ; 1764-1850 ; Brazil
56082,Birds ; South America
56364,(1831-1836) ; South America ; Natural history ; Geology ; Voyages around the world ; Beagle Expedition ; Description and travel
56405,Mexico ; Zoology ; Central America ; Fishes
56422,Beagle Expedition ; Geology ; (1831-1836) ; Voyages around the world ; Natural history ; Description and travel ; South America
56649,Fishes ; Central America ; North America ; South America
56670,Tropics ; Brazil ; Description and travel ; South America ; Natural history ; Indians of South America
56802,South America ; Botany
57421,Description and travel ; Venezuela ; Birds ; Natural history ; South America ; Guyana
57656,South America ; Description and travel ; Botany
57781,Bibliography ; South America ; Birds
57955,Tropics ; Central America ; South America ; Birds ; Pictorial works
58207,Natural history ; Description and travel ; Amazon River Valley ; Indians of South America
59393,Peru ; Indians of South America ; Early accounts to 1600 ; Indians of Mexico ; Natural history ; America ; Discovery and exploration ; Latin America ; Imprint 1596
59676,"Archives ; California Academy of Sciences ; Scientific Expeditions ; Birds ; South America ; (1905-1906) ; Collection and preservation ; Beck, Rollo Howard, ; Zoological specimens ; Expedition of the California Academy of Sciences t ; 1870-1950 ; Field no"
59881,Moths ; South America
60211,Central America ; Botany ; Mexico
60275,North America ; Neuroptera ; South America
60450,Acanthaceae ; Mexico ; Central America
60502,Birds ; Hummingbirds ; Pictorial works ; South America
60691,Hyla labialis ; Latin America ; Body temperature ; Frogs
60771,1882-1967 ; Fieldwork ; Entomology ; Galapagos Islands ; California Academy of Sciences ; South America ; Archives ; Collection and preservation ; Scientific Expeditions ; (1905-1906) ; Expedition of the California Academy of Sciences t ; Field notes ; Id
60772,"Collection and preservation ; (1905-1906) ; 1879-1927 ; Field notes ; South America ; California Academy of Sciences ; Expedition of the California Academy of Sciences t ; Rocks ; Volcanology ; Archives ; Geology ; Fieldwork ; Galapagos Islands ; Ochsner,"
60774,"Archives ; California Academy of Sciences ; Expedition of the California Academy of Sciences t ; (1905-1906) ; 1879-1927 ; Ochsner, Washington Henry, ; Shells ; Fieldwork ; Mollusks ; Collection and preservation ; Field notes ; South America ; Clipperton"
60775,"Galapagos Islands ; Hunter, Joseph S, ; Sexual behavior ; (1905-1906) ; Breeding ; 1879-1972 ; Birds ; Identification ; South America ; Collection and preservation ; Field notes ; California Academy of Sciences ; Expedition of the California Academy of Sc"
60789,"Field notes ; Identification ; b. 1875 ; California Academy of Sciences ; (1905-1906) ; Collection and preservation ; Stewart, Alban, ; Botany ; Expedition of the California Academy of Sciences t ; Classification ; Archives ; Fieldwork ; South America ; S"
60925,Early works to 1800 ; South America ; 18th century ; Incas ; Figure ; France ; Description and travel ; Engravings ; Scientific Expeditions ; Arc measures ; Earth
60976,Botany ; Central America ; Orchids
61132,Central America ; Tropics ; Birds ; South America
61362,America ; Discovery and exploration ; South America ; Scientific Expeditions
61452,South America ; Beagle Expedition ; Volcanoes ; Geology ; (1831-1836)
61493,Indians of South America ; 19th century ; History ; Lithographs ; Sources ; Bolivia ; South America ; Peru ; Brazil ; Description and travel ; France ; Scientific Expeditions ; Natural history ; Antiquities
61646,"South America ; Paleontology ; Mammals, Fossil"
61789,Indians of South America ; Mexico ; Antiquities ; Description and travel ; Andes ; Peru ; Indians of Mexico
61959,Imprint 1648 ; Indians of South America ; Natural history ; Brazil ; Pre-Linnean works ; Indian linguistics ; Mapuche language ; Tupi language
62527,"Chiloé (Chile) ; Patagonia (Argentina and Chile) ; Indians of South America ; Catalogs, Booksellers' ; Great Britain ; Imprint 1809 ; Indian linguistics ; Natural history ; Chile ; Mapuche Indians ; History ; Mapuche language ; 1809 ; To 1810"
62576,Crustacea ; Central America
62722,Patagonia (Argentina and Chile) ; Mapuche language ; Chile ; Mapuche Indians ; Indian linguistics ; Natural history ; Description and travel ; Indians of South America
62990,Peru ; Indians of South America ; America ; Early accounts to 1600 ; Indians of Mexico ; Natural history ; Latin America
63439,"Imprint 1715 ; Medicinal plants ; Botany ; Manuscripts ; Paraguay ; Jesuits ; Manuscripts, Spanish ; Natural history ; Glossaries, vocabularies, etc ; Guarani language ; South America ; Indian linguistics ; Tupi language ; Spanish"
63655,"Northwest Coast of North America ; Antarctica ; Hawaii ; Pacific Coast (North America) ; Description and travel ; Oceania ; South America ; Travel ; (1838-1842) ; 1816-1872 ; Colvocoresses, George M ; Scientific Expeditions ; Discovery and exploration ; V"
63733,Bibliography ; Latin America ; Forests and forestry
63739,Bibliography ; Latin America ; Plant diseases ; Tropics
63772,South America ; Zoology ; Scientific Expeditions
63909,South America ; Zoology ; West Indies
63979,Discovery and exploration ; Oregon ; Oceania ; South America ; United States Exploring Expedition ; Antarctica ; Hawaii ; Description and travel ; (1838-1842)
64638,"Heinzen, K ; Heinzen, H ; Provenance ; Natural history ; Physical geography ; Description and travel ; South America"
64723,"South America ; Natural history ; Provenance ; Description and travel ; Bürgerschule für Knaben (Vienna, Austria) ; Caribbean Area"
64959,Agricultural ecology ; Central America ; Plant ecology
65405,Central America ; Scientific Expeditions ; CSAIP ; Imprint 1797 ; Natural history
65496,Central America ; Varieties ; Trees ; Oak
65890,Sociedad Económica de Amigos del País (Guatemala) ; Agriculture ; Central America ; CSAIP ; History ; Economic aspects ; Sources ; Cacao ; Imprint 1799
66255,"1701-1774 ; Regim ; Amazon River ; Scientific Expeditions ; History ; Journeys ; South America ; La Condamine, Charles-Marie de, ; 18th century ; Description and travel ; Discovery and exploration ; Amazon River Region"
68069,South America ; Islands of the Pacific ; Geology ; Pacific coast ; New South Wales ; Volcanoes ; Coral reefs and islands
68190,Peru ; Antiquities ; Incas ; Indians of South America
68192,Indian art ; Central America ; Mexico
68194,Mexico ; Indians of Central America ; Antiquities ; Indians of Mexico
68255,Mexico ; Indians of Mexico ; Antiquities ; Indians of Central America ; Central America
68256,Indians of Mexico ; Antiquities ; Central America ; Indians of Central America ; Mexico
68283,History ; Peru ; Indians of South America ; Incas ; Antiquities ; To 1548
68319,Description and travel ; South America ; Mexico ; Siberia (Russia) ; Scientific Expeditions
68325,Antiquities ; Central America ; Exhibitions ; American Museum of Natural History ; Mexican and Central American hall ; Mexico
68328,Indian goldwork ; Peru ; Exhibitions ; Museo Oro del Perú ; Indians of South America ; Antiquities
68334,Antiquities ; Incas ; History ; Indians of South America ; Peru ; To 1548
68339,Peru ; Antiquities ; Incas ; Indians of South America ; History ; To 1548
68341,Mexico ; Antiquities ; Central America ; Indians of Mexico ; Indians of Central America
69115,Incas ; Peru ; Indians of South America ; 57.1(8)2 ; Antiquities
69471,"Botany, Medical ; Medical geography ; Brazil ; Medicine ; Natural history ; Indians of South America"
70409,Natural history ; Description and travel ; Venezuela ; Birds ; South America ; Guyana
70413,Geology ; Description and travel ; (1831-1836) ; Beagle Expedition ; South America ; Natural history ; Voyages around the world
70828,Description and travel ; Physical geography ; South America ; Plant morphology ; Science
70903,South America ; Spain ; Botany
77395,Spain ; Botany ; Latin America
77397,Blossom (Ship) ; Oceania ; Mexico ; Botany ; South America
77413,Imprint 1605 ; Peru ; Latin America ; Indians of South America ; Discovery and exploration ; Natural history ; Early accounts to 1600 ; Indians of Mexico ; America
77456,Early accounts to 1600 ; Indians of Mexico ; America ; Latin America ; Indians of South America ; Discovery and exploration ; Natural history ; Peru ; Imprint 1598
77457,Latin America ; Natural history ; Discovery and exploration ; Indians of Mexico ; America ; Early accounts to 1600 ; Indians of South America ; Imprint 1600 ; Peru
77500,South America ; Scientific Expeditions ; Description and travel ; Mexico ; Siberia (Russia)
78580,Botany ; Bromeliaceae ; South America
78783,"Central America ; Classification ; Plants ; Eriogonum ; South America ; Howell, John Thomas, ; Field notes ; 1903-1994 ; West (U.S.) ; Archives ; California Academy of Sciences ; Identification"
81208,Tobacco industry ; Statistics ; United States ; Tobacco ; Latin America
82281,Imprint 1708 ; Natural history ; Description and travel ; Voyages and travels ; Voyages around the world ; Winds ; Tides ; Buccaneers ; Latin America
82446,"Natural history ; Chile ; South America ; Botany, Medical ; Peru ; Botany"
82451,Description and travel ; Peru ; Antiquities ; Ecuador ; Indians ; Andes ; Mountains ; Mexico ; Indians of South America
83716,Natural history ; Panama ; Description and travel ; Indians of Central America
83717,"Cuna language ; Early works to 1800 ; Glossaries, vocabularies, etc ; Description and travel ; Natural history ; Panama ; Indians of Central America ; Voyages and travels"
83718,Description and travel ; Hunting ; Central America ; Nicaragua
84376,"Stephens, John L., ; Mexico ; Description and travel ; Indians of Central America ; 1805-1852 ; Indians of Mexico ; Travel ; Yucatán (Mexico : State) ; Antiquities ; Central America ; Mayas ; Chiapas (Mexico)"
84377,"Social life and customs ; Early works to 1800 ; Travel ; Withington, Nicholas ; East Indies ; Central America ; Cockburn, John ; Description and travel ; Indians of Central America ; mariner"
84420,"1734-1801 ; English West Indian Expedition, 1795-1796 ; Medicine ; West Indies ; Indians of South America ; Abercromby, Ralph, ; Sir, ; Slavery ; 1768-1835 ; Anglo-French War, 1793-1802 ; Description and travel ; Barbados ; Pinckard, George, ; Guyana ; Ye"
84447,Natural history ; Missions ; Indians of South America ; America ; Early accounts to 1600 ; Latin America ; Jesuits
84570,Brazil ; Natural history ; Amazon River Valley ; Indians of South America
84598,Natural history ; Description and travel ; Paraguay ; Indians of South America ; Birds
84933,Fuegians ; Beagle Expedition ; Patagonians ; Patagonia (Argentina and Chile) ; Indians of South America ; (1826-1830) ; (1831-1836) ; Natural history ; Adventure and Beagle Expedition ; South America ; Description and travel
84952,Description and travel ; Argentina ; South America ; Andes
84987,Pampas ; Andes ; South America ; Gauchos ; Mines and mineral resources ; Description and travel
84989,Indians of South America ; Peru ; Costume ; Description and travel
85155,Paraguay ; Indians of South America ; Natural history ; Description and travel
85156,Latin America ; Early works to 1800 ; Spanish Main ; Description and travel ; West Indies ; Caribbean Area
85332,"1781-1826 ; Description and travel ; Social conditions ; Spix, Johann Baptist von, ; Mines and mineral resources ; Ethnic relations ; Travel ; 1794-1868 ; 19th century ; Brazil ; Indians of South America ; Martius, Karl Friedrich Philipp von,"
85334,Chile ; Description and travel ; Mapuche Indians ; Arauco (Chile : Province) ; Shipwrecks ; Challenger (Ship : 1826-1835) ; Indians of South America
85522,Natural history ; Languages ; Brazil ; Indians of South America ; Amazon River Valley ; Amazon Valley ; Description and travel
85963,Indians of South America ; Jesuits ; Orinoco River (Venezuela and Colombia) ; Orinoco Valley ; Ethnology ; Venezuela
85964,Brazil ; Description and travel ; Indians of South America
85967,Brazil ; Indians of South America ; Description and travel
86246,Indians of South America ; Colombia ; Description and travel ; Magdalena (Colombia : Dept.)
86279,Early works to 1800 ; History ; Orinoco River (Venezuela and Colombia) ; Indians of South America ; Jesuits ; 1556-1810 ; Venezuela ; Natural history ; Description and travel
86280,Indians of South America ; Description and travel ; Economic conditions ; French Guiana ; Guiana
86283,Description and travel ; Indians of South America ; Brazil
86724,"America ; Colonies ; South America ; History ; Description and travel ; Spain ; Wars of Independence, 1806-1830"
86968,South America ; Pacific Ocean ; Panama ; Steam-navigation ; Description and travel
86994,Southwestern States ; Internet resource ; Birds ; Mexico ; Central America ; White-winged dove
87028,Colonies ; Peru ; Chile ; Description and travel ; Latin America ; Early works to 1800 ; South America ; Brazil ; Spain ; Colombia
87039,Guiana ; Indians of South America ; Description and travel ; Guyana ; Slavery
87587,South America ; Voyages and travels ; Description and travel ; Natural history ; Scientific Expeditions
87613,Natural history ; Description and travel ; South America ; Scientific Expeditions ; Voyages and travels
87614,South America ; Scientific Expeditions ; Voyages and travels ; Description and travel
87622,South America ; Natural history ; Description and travel
87778,Description and travel ; Early works to 1800 ; Scientific Expeditions ; South America ; Panama ; Amazon River Region
87785,Natural history ; South America ; Scientific Expeditions ; Voyages and travels ; Description and travel
87787,"1682-1773 ; Jesuits ; Travel ; South America ; Indians of South America ; Frézier, Amédée François, ; Description and travel ; Voyages and travels ; Early works to 1800 ; Peru"
94522,Description and travel ; Indians of South America ; Bakairi language ; Gê languages ; Xingu River ; Brazil ; Scientific Expeditions ; Xingu River (Brazil)
95441,Description and travel ; Brazil ; Indians of South America
96041,"Chile ; 1807-1895 ; South America ; Slave trade ; Travel ; Ruschenberger, W. S. W ; Blacks ; Peru ; Bolivia ; (William Samuel Waithman), ; Brazil ; Description and travel"
96076,South America ; Colonies ; Incas ; Spain ; 18th century ; Colombia ; Scientific Expeditions ; Chile ; Discovery and exploration ; Early works to 1800 ; Indians of South America ; Andes Region ; Description and travel ; Peru ; History ; Arc measures ; Sour
96555,Antarctica ; Oregon ; Oceania ; South America ; Hawaii ; (1838-1842) ; United States Exploring Expedition
96907,Zoology ; Voyages and travels ; canimp ; 1852 ; South America
97401,Liverworts ; South America
98653,Brazil ; Guinea ; Natural history ; Latin America ; Description and travel
98662,Natural history ; Voyages around the world ; Geology ; Description and travel ; (1831-1836) ; Beagle Expedition ; South America
98822,Mosquitoes ; Central America ; West Indies ; North America ; Electronic books
99321,Natural history ; Panama ; Indians of Central America ; Pre-Linnean works ; Early works to 1800 ; 18th century ; Engravings ; Description and travel ; England
100099,Indians of South America ; Amazon River Valley ; Natural history ; Brazil ; Description and travel
100638,Colonies ; Shipwrecks ; Discovery and exploration ; Central America ; America ; Discoveries in geography ; Early accounts to 1600 ; Natural history ; West Indies ; Spain ; Indians
101408,"1844-1907 ; Central America ; Natural history ; Description and travel ; Bovallius, Carl,"
102030,South America ; Scientific Expeditions ; Description and travel ; Panama
102103,Imprint 1648 ; Medicine ; Indians of South America ; Natural history ; Pre-Linnean works ; Brazil
102215,Peru ; Andes ; Amazon river and valley ; Venezuela ; Description and travel ; Botany ; Ecuador ; South America ; Amazonas (Brazil)
102769,Malay Archipelago ; Cotingidae ; Birds ; Bucerotidae ; South America
102929,"Imprint 1593 ; Tupi language ; 1534-1611 ; Glossaries, vocabularies, etc ; Indian linguistics ; approximately 1525-approximately 1576 ; 1549-1762 ; Brazil ; 1510-1571? ; History ; 1548-1580 ; Indians of South America ; Léry, Jean de, ; Natural history ; D"
103113,"1510-1571? ; 1549-1762 ; Glossaries, vocabularies, etc ; Indian linguistics ; Natural history ; Tupi language ; 1548-1580 ; approximately 1525-approximately 1576 ; History ; Indians of South America ; 1534-1611 ; Description and travel ; Imprint 1630 ; St"
103136,"Indians of Mexico ; Imprint 1602 ; Discovery and exploration ; Peru ; Spanish ; America ; Magellan, Strait of (Chile and Argentina) ; Description and travel ; Latin America ; Maluku (Indonesia) ; Natural history ; Indians of South America ; Weert, Sebald"
103298,Brazil ; Indians of South America ; Amazon River Valley ; Natural history
103717,"Indians of South America ; Natural history ; approximately 1525-approximately 1576 ; Imprint 1592 ; Villegaignon, Nicolas Durand de, ; History ; Tupi language ; Glossaries, vocabularies, etc ; Indian linguistics ; 1549-1762 ; Description and travel ; Stad"
103727,"Le Staden, Hans, ; 1510-1571? ; approximately 1525-approximately 1576 ; Indians of South America ; Tupi language ; 1534-1611 ; Imprint 1606 ; Imprint 1612 ; Léry, Jean de, ; History ; 1548-1580 ; 1549-1762 ; Glossaries, vocabularies, etc ; Description and"
103729,"approximately 1525-approximately 1576 ; Staden, Hans, ; Villegaignon, Nicolas Durand de, ; 1510-1571? ; Natural history ; 1548-1580 ; 1534-1611 ; History ; Imprint 1605 ; Indians of South America ; Tupi language ; Brazil ; Imprint 1597 ; Léry, Jean de, ;"
104410,Description and travel ; Natural history ; Birds ; South America ; Venezuela ; British Guiana
104463,Beagle Expedition ; Voyages around the world ; Description and travel ; (1831-1836) ; Geology ; South America ; Natural history
104517,"Glossaries, vocabularies, etc ; 1548-1580 ; Tupi language ; Imprint 1597 ; Indians of South America ; 1510-1571? ; Léry, Jean de, ; approximately 1525-approximately 1576 ; Brazil ; Natural history ; Description and travel ; Indian linguistics ; 1549-1762"
104647,South America ; Imprint 1763 ; Botany ; Pictorial works ; West Indies
104745,Early works to 1800 ; Indians of South America ; Missions ; Maps ; Natural history ; South America ; Argentina ; Gran Chaco ; Chaco (Argentina) ; Description and travel ; Chaco
106578,South America ; Wild animal collecting ; Field notes ; C羊doba ; Zoos ; Buenos Aires ; San Carlos de Bariloche ; Zoology ; Argentina ; Brazil ; Diary ; National Zoological Park (U.S.) ; S黍 Paulo
106909,Madeira River (Brazil and Bolivia) ; Description and travel ; Brazil ; Amazon River ; Mojo Indians ; Indians of South America
109254,South America ; Diseases and pests ; Hevea
109410,Caterpillars ; Nymphalidae ; Lepidoptera ; LEPIDOPTERA (CLASSIFICAÇÃO) ; South America
109909,"South America ; Mammals, Fossil ; Reptiles ; Mammals ; Amphibians ; Beagle Expedition ; Zoology ; Birds ; (1831-1836) ; Paleontology"
110042,"Botany, Economic ; Imprint 1716 ; Coal mines and mining ; South America ; West-Indische Compagnie (Netherlands) ; Tobacco industry"
110540,"Mapuche language ; South America ; Natural history ; Chiquito language ; Guarani language ; Imprint 1847 ; Indians of South America ; Orbigny, Alcide Dessalines d', ; 1802-1857 ; Imprint 1835 ; Moro language (South America) ; Indian linguistics ; Texts ;"
110790,Indians of South America ; Latin America ; Peru ; America ; Natural history ; Discovery and exploration ; Early accounts to 1600 ; Indians of Mexico
111045,"Natural history ; Bonpland, Aimé, ; 1773-1858 ; South America ; Voyages and travels ; Description and travel ; Scientific Expeditions"
111162,"Imprint 1705 ; Medicinal plants ; Latin America ; Materia medica, Vegetable ; Latin America, ; Botany, Medical ; Ipecac (Drug) ; Germany ; Psychotria"
112386,"17th century ; History ; Iran ; Indians of South America ; Brazil ; Madagascar ; Foreign relations ; Imprint 1651 ; Portugal ; Natural history ; Dutch Conquest, 1624-1654 ; Description and travel ; Egypt ; Netherlands"
113426,Central America ; Botany ; Pictorial works ; West Indies
115749,Early accounts to 1600 ; Indians of Mexico ; Indians of South America ; Peru ; Natural history ; Latin America ; Discovery and exploration ; America
115780,Indians of South America ; Discovery and exploration ; Natural history ; America ; Peru ; Latin America ; Early accounts to 1600 ; Indians of Mexico
115886,America ; Early accounts to 1600 ; Indians of Mexico ; Natural history ; Discovery and exploration ; Peru ; Latin America ; Indians of South America
116606,Rio de la Plata Region (Argentina and Uruguay) ; Description and travel ; Natural history ; South America ; Uruguay ; Plants
117364,Mato Grosso (State) ; Xingu River (Brazil) ; Brazil ; Scientific Expeditions ; Description and travel ; Indians of South America ; Mato Grosso (Brazil : State)
118563,South America ; United States ; Taxidermy ; Zoology ; Description and travel ; West Indies and Bermudas ; Electronic books ; Natural history ; Travel Writing ; Personal narratives
118874,Description and travel ; Science ; Plant morphology ; Imprint 1808 ; South America ; Physical geography
119039,Natural resources ; Imprint 1608 ; Languages ; Tobacco ; Indians of South America ; Brazil
119116,"Guatemala ; Myriapoda ; Animals ; Scientific Expeditions ; Mollusks ; Natural history ; Antiquities ; Central America ; Zoology ; Geology ; Manuscripts, Maya ; Mexico ; Mission scientifique au Mexique et dans l'Amériqu ; Botany ; Plants ; Amphibians"
119743,Peach palm ; Latin America ; Tropical fruit ; Palms
119819,South America ; Botany ; Plants
119870,"Agriculture ; Food crops ; Dissertations, Academic ; Agronomy thesis Ph. D ; UF ; Poultry ; Feeding and feeds ; Agronomy ; Ecuador ; Indians of South America"
120483,Description and travel ; South America ; Scientific Expeditions ; Voyages and travels ; Natural history
121219,"Porvenir, Bahía ; Peru ; Chile ; Rio Grande do Sul ; Ethology ; Field notes ; South America ; Viamonte ; Ducks ; Ornithology ; Animal behavior ; Brazil ; Tierra del Fuego"
121349,Ornithology ; South America ; Panama ; Animal behavior ; Peru ; Field notes ; Balboa ; Chile ; Ethology
121443,Walter Rathbone Bacon Traveling Scholarship Expedi ; Field notes ; South America ; Crustaceans ; Black-and-white photographs ; Brazil ; Zoology
121728,"Chiloé, Isla ; Field notes ; Zoology ; South America ; Crustaceans ; Chile ; Black-and-white photographs ; Valparaiso ; Walter Rathbone Bacon Traveling Scholarship Expedi"
121772,Black-and-white photographs ; Penguins ; Zoology ; Marine mammals ; Walter Rathbone Bacon Traveling Scholarship Expedi ; South America ; Field notes ; Crustaceans ; Falkland Islands
122279,Bezoars ; Tobacco ; Early works ; Materia medica ; Early works to 1800 ; India ; Indians of North America ; Therapeutic use ; Latin America ; Tobacco use ; Snow ; Tobacco in art
122472,Description and travel ; Brazil ; Natural history ; Amazon Valley ; Amazon River Valley ; Indians of South America ; Languages
124971,Plants ; South America ; West Indies ; Central America
125533,Fishes ; Mexico ; Central America
126340,Latin America ; Research ; Forests and forestry
127359,"Central America ; Hartweg, Karl Theodore, 1812-1871 ; Leguminosae ; Sophora tomentosa ; Chorizanthe ; Schomburgk, Robert H. (Robert Hermann), 1804-1865 ; Scrophulariaceae ; South America ; Stachys ; Darmera peltata ; Tauschia ; Boott, Francis, 1792-1863 ;"
128386,"Plants ; Central America ; Itineraries ; Forests and forestry ; Whitford, Harry Nichols ; Field notes"
128459,Field notes ; Brazil ; Crustaceans ; Walter Rathbone Bacon Traveling Scholarship Expedi ; South America ; Diary ; Zoology
128554,"Geology ; South America ; Travel ; Electronic books ; Natural history ; Darwin, Charles, ; Beagle Expedition ; Voyages around the world ; 1809-1882 ; (1831-1836)"
128589,Crustaceans ; Field notes ; South America ; Peru ; Walter Rathbone Bacon Traveling Scholarship Expedi ; Chile ; Callao ; Diary ; Antofagasta ; Zoology
129080,Walter Rathbone Bacon Traveling Scholarship Expedi ; Crustaceans ; Field notes ; Zoology ; Chile ; Valparaiso ; South America ; Diary
129082,Pacasmayo ; Peru ; Ecuador ; South America ; Walter Rathbone Bacon Traveling Scholarship Expedi ; Guayaquil ; Field notes ; Zoology
129117,"Walter Rathbone Bacon Traveling Scholarship Expedi ; Chile ; Chiloé, Isla ; Crustaceans ; South America ; Field notes ; Puerto Montt ; Valparaiso ; Zoology ; Diary"
129118,Rio Negro ; Iapó ; Botany ; Field notes ; Crustaceans ; Diary ; Zoology ; Walter Rathbone Bacon Traveling Scholarship Expedi ; Brazil ; São Paulo ; South America
129148,Zoology ; Diary ; Brazil ; Walter Rathbone Bacon Traveling Scholarship Expedi ; Field notes ; Falkland Islands ; South America ; Crustaceans ; Bahia
129224,Walter Rathbone Bacon Traveling Scholarship Expedi ; Chile ; Callao ; Salaverry ; Zoology ; Talcahuano ; Guayaquil ; Peru ; Paita ; Valparaiso ; Field notes ; Crustaceans ; South America ; Ecuador
129230,Natural history ; Indians of South America ; Imprint 1713 ; North America ; South America ; Civilization ; Indians of North America ; History ; Indians of Mexico
129849,Walter Rathbone Bacon Traveling Scholarship Expedi ; Chile ; Crustaceans ; Field notes ; South America ; Zoology
129888,"Field notes ; Rio Negro ; Brazil ; São Sebastião, Ilha de ; Uruguay ; Paquetá, Ilha de ; Walter Rathbone Bacon Traveling Scholarship Expedi ; Zoology ; Crustaceans ; Iapó ; Punta del Este ; South America"
129889,"Guayaquil ; South America ; Crustaceans ; Falkland Islands ; Field notes ; Zoology ; Ecuador ; Walter Rathbone Bacon Traveling Scholarship Expedi ; Chile ; Peru ; Callao ; Chiloé, Isla"
129898,migratory birds ; Field notes ; Tucuman ; Receipts (financial records) ; Argentina ; Correspondence ; South America ; United States Dept. of Agriculture ; San Martin ; Ornithology
129922,Walter Rathbone Bacon Traveling Scholarship Expedi ; Zoology ; South America ; Field notes ; Reports ; Crustaceans
130084,Walter Rathbone Bacon Traveling Scholarship Expedi ; Field notes ; South America ; Peru ; Brazil ; Salaverry ; Zoology ; Chile ; Crustaceans ; Uruguay ; Correspondence
130140,Correspondence ; Colombia ; Field notes ; Haiti ; Barranquilla ; Zoology ; Hancock South America Expedition (1939) ; Trinidad
130477,Ecuador ; Crustaceans ; Peru ; Uruguay ; Field notes ; Zoology ; South America ; Brazil ; Walter Rathbone Bacon Traveling Scholarship Expedi ; Chile
130496,Crustaceans ; Zoology ; Brazil ; Walter Rathbone Bacon Traveling Scholarship Expedi ; Field notes ; Black-and-white photographs ; South America
130697,Antiquities ; Indians of South America ; Mexico ; Andes ; Indians of Mexico ; Andes Region ; Peru
130874,South America ; Walter Rathbone Bacon Traveling Scholarship Expedi ; Field notes ; Crustaceans ; Zoology
130875,Walter Rathbone Bacon Traveling Scholarship Expedi ; Zoology ; Receipts (financial records) ; Field notes ; South America ; Crustaceans
130893,Falkland Islands ; Zoology ; Field notes ; Crustaceans ; Walter Rathbone Bacon Traveling Scholarship Expedi ; Correspondence ; South America
130919,"(1837-1840) ; Catalogs, Booksellers' ; Antarctica ; Imprint 1841 ; South America ; Astrolabe Expedition ; Oceania ; Zélée (Frigate) ; Description and travel ; France ; Imprint 1846 ; 1843 ; Discovery and exploration ; Scientific Expeditions"
130929,"Plants, Edible ; Latin America"
131263,South America ; Cryptogams
131265,"Diaries ; Itineraries ; South America ; Botanists ; Thaxter, Roland, ; 1858-1932 ; Travel"
131282,Latin America ; Birds
131285,Mexico ; South America ; Siberia (Russia) ; Russia (Federation) ; Siberia ; Scientific Expeditions ; Description and travel ; Travel
131794,Port of Spain ; Field notes ; Haiti ; Colombia ; Port-au-Prince ; Correspondence ; Balboa ; Timetables ; Trinidad ; Hancock South America Expedition (1939) ; Zoology ; Barranquilla
132122,Diary ; Crustaceans ; Zoology ; Walter Rathbone Bacon Traveling Scholarship Expedi ; South America ; Field notes ; Uruguay ; Brazil
132158,"Caledonia, Bahía de ; Colombia ; Crustaceans ; Zoology ; Trinidad ; Hancock South America Expedition (1939) ; Diary ; Magdalena ; Field notes ; Panama ; Puerto Colombia"
132219,"Crustaceans ; Field notes ; Valparaiso ; Peru ; Zoology ; Walter Rathbone Bacon Traveling Scholarship Expedi ; Charts (graphic documents) ; Chile ; Lima ; Maps ; South America ; Róbinson Crusoe, Isla"
132230,Field notes ; South America ; United States Exploring Expedition (1838-1842) ; Rio de Janeiro ; Zoology ; Botany
132231,"Field notes ; Chile ; Ornithology ; United States Exploring Expedition (1838-1842) ; Negro, Ro ; Botany ; Ethnology ; South America"
132443,South America ; Indonesia ; Solanaceae ; Sumatra ; Philippines ; Plants
132771,Field notes ; Guyana ; Central America ; Termites ; Suriname ; Entomology ; United States
132905,Central America ; Plants ; South America ; Mexico
132929,South America ; Plants
133564,Plants ; South America
134678,South America ; Plants ; Mexico
134736,South America ; Boraginaceae
135457,"1699 ; Tides ; Catalogues, Booksellers ; Great Britain ; Description and travel ; Buccaneers ; Latin America ; Natural history ; Imprint 1699 ; Winds ; Voyages and travels ; Voyages around the world"
136048,Shipwrecks ; Early accounts to 1600 ; Imprint 1547 ; Indians ; Discovery and exploration ; Natural history ; America ; Colonies ; Central America ; Spain ; Spanish ; West Indies
136051,"Brazil ; Orta, Garcia de, ; Coloquios dos simples e drogas ; Natural history ; Imprint 1658 ; Indians of South America ; India ; 16th cent ; Medicine"
137413,South America ; Termitophile ; Insect societies ; Termitidae ; Termites
137545,"Negro, Ro ; Hawaii ; South America ; Cape of Good Hope ; Field notes ; Rio de Janeiro ; Australia ; Itineraries ; United States Exploring Expedition (1838-1842) ; New Zealand"
137705,Natural history ; Discovery and exploration ; Indians of South America ; Early accounts to 1600 ; Indians of Mexico ; Peru ; America ; Latin America
137722,Indians of South America ; Discovery and exploration ; America ; Latin America ; Natural history ; Early accounts to 1600 ; Indians of Mexico ; Peru
137733,Discovery and exploration ; Latin America ; America ; Early accounts to 1600 ; Indians of Mexico ; Natural history ; Peru ; Indians of South America
137735,Indians of Mexico ; Discovery and exploration ; To 1600 ; Early works to 1800 ; Peru ; America ; Imprint 1624 ; Natural history ; Latin America ; History ; Indians of South America
137738,Natural history ; Early accounts to 1600 ; Indians of Mexico ; Latin America ; Indians of South America ; Discovery and exploration ; Peru ; America
137742,Biological Sciences ; Geographical distribution ; anatomy and morphology ; Anastrepha ; Terminology ; Anastrepha grandis ; Cucurbitaceae ; South America ; Larvae
137744,Peru ; Discovery and exploration ; Natural history ; Early accounts to 1600 ; Indians of Mexico ; Latin America ; Indians of South America ; America
137935,Early accounts to 1600 ; Indians of Mexico ; Natural history ; Peru ; America ; Latin America ; Discovery and exploration ; Indians of South America
137942,Indians of South America ; Latin America ; Early accounts to 1600 ; Indians of Mexico ; Peru ; America ; Natural history ; Discovery and exploration
137953,Indians of South America ; Discovery and exploration ; America ; Latin America ; Early accounts to 1600 ; Indians of Mexico ; Peru ; Natural history
137960,Early accounts to 1600 ; Indians of Mexico ; America ; Indians of South America ; Discovery and exploration ; Peru ; Latin America ; Natural history
137961,Geographical distribution ; Cydia ; South America ; anatomy and morphology ; Colombia ; Larvae ; Phaseolus ; crop damage ; cydia fabivora
139305,Palmae ; Central America
139712,North America ; Imprint 1787 ; South America ; Mines and mineral resources ; Natural history ; Indians of South America ; Description and travel
140744,South America ; Eupatorium ; Cyperaceae
141030,Central America ; Identification ; Plants ; Mexico
142156,South America ; Mexico ; Central America ; Ecuador ; Plants
142241,"Cuba ; Africa, Sub-Saharan ; Galapagos Islands ; Harvard University ; Plants ; Arequipa ; Peru ; Búzi River Region (Zimbabwe and Mozambique) ; South America ; Central America ; Gray Herbarium"
142357,Harvard University ; Gray Herbarium ; Cuba ; Plants ; Mexico ; Brazil ; Tepic ; Central America ; Compositae ; Guatemala ; Chihuahua (State)
142579,Rust fungi ; South America
142635,Bats ; Katalog ; Museums ; Catalogs ; Fledermäuse ; Latin America ; Neotropische Region ; Europe ; Mammals ; Catalogs and collections
142636,Central America ; Bulldoggfledermäuse ; Classification ; Molossus ; Mittelamerika
142647,Central America ; Gray Herbarium ; South America ; Peru ; China ; Plants ; Harvard University ; Mexico
142851,"Uruguay ; Walter Rathbone Bacon Traveling Scholarship Expedi ; (Waldo Lasalle), ; South America ; Marine biology ; Schmitt, Waldo L ; Brazil ; Ecuador ; 1887-1977 ; Carnegie Institution of Washington ; Crustaceans ; Chile ; Field notes ; Tortugas Laborato"
142861,Yucatán Peninsula ; Central America ; Bats
142912,Central America ; Tent-making bat ; Mammals
142925,South America ; Bats ; Glossophaga commissarisi
142940,Bats ; Mammals ; Mexico ; Central America
142956,Central America ; Mexico ; South America ; Plants ; Colombia
143128,Bothrops ; Amérique latine ; Vipéridés ; Bothriopsis ; Classification ; Pit vipers ; Bothriechis ; Latin America ; Cerrophidion ; Viperidae
143265,Bats ; Emballonuridae ; South America
143309,Bats ; Central America ; Mexico ; South America
143361,United States ; Bees ; South America
144027,Fiji ; South America ; Guyana ; Plants
144090,Plants ; South America
144343,"1855-1940 ; Rusby, Henry Hurd, ; Botany ; South America"
144391,Plants ; Central America
144398,South America ; Lichens ; (1871-1872) ; Hassler Expedition
144404,South America ; United States ; Bees
144676,Description and travel ; Slavery ; Guiana ; 18th century ; Natural history ; Imprint 1796 ; History ; Suriname ; Indians of South America
146220,Central America ; Trinidad and Tobago ; Mexico ; Plants ; South America
146243,Plants ; Central America
146273,Plants ; South America
146438,"Indians of South America ; History ; Tupi language ; Brazil ; Description and travel ; French colony, 1555-1567"
148915,"Hooker, William Jackson, Sir, 1785-1865 ; Botanical specimens ; Lycium ; Correspondence ; Illustrations of South American plants ; Torrey, John, 1796-1873 ; Miers, John, 1789-1879"
149075,"South America ; Larynx ; Zoology ; Anatomy, Comparative ; Monkeys"
149775,Indians of South America ; Description and travel ; Natural history ; North America ; Mines and mineral resources ; South America
149872,Indians of South America ; Mines and mineral resources ; Natural history ; North America ; South America ; Description and travel
150117,"Higgins, Robert P ; National Museum of Natural History (U.S.) ; Venezuela ; Zoology ; Smithsonian Institution ; Field notes ; Marine invertebrates--South America"
150135,Chile ; Argentina ; Peru ; South America ; United States Dept. of Agriculture ; Field notes ; Ornithology ; Mollendo ; migratory birds
150371,Field notes ; Memorabilia ; Argentina ; Brazil ; Ornithology ; South America ; Buenos Aires ; Chaco ; Chile ; Tucuman ; Botany ; Clippings (information artifacts) ; Uruguay ; Asuncion ; Correspondence ; migratory birds ; Paraguay ; United States Dept. of
151056,South America ; @NEV Collectie ; Beetles ; Scarabaeidae
151376,Plants ; South America
151413,South America ; Uruguay ; United States Dept. of Agriculture ; migratory birds ; Paraguay ; Ornithology ; Chile ; Black-and-white photographs ; Buenos Aires ; Formosa ; Chaco ; Field notes ; Reports ; Argentina ; Rocha
151937,Pacific Coast (Or.) ; 1804-1848 ; Pacific Coast (Central America) ; Pacific Coast (Mexico) ; Pacific Coast (Chile) ; Pacific Coast (Ecuador) ; Pacific Coast (Taiwan) ; Pacific Coast (Peru) ; History ; Oregon ; Pacific Coast (Colombia) ; Pacific Coast (U.S
151955,Description and travel ; Physical geography ; Plant morphology ; South America
152192,"Crustaceans ; South America ; Brazil ; Parnaguá ; Iapó ; Enseada da Baleia, Praia ; Frio, Cabo ; Field notes ; Parana ; Zoology ; Walter Rathbone Bacon Traveling Scholarship Expedi ; Paquetá, Ilha de"
153137,South America ; Amazon River ; Andes Mountains ; Musci
153254,"Zoology ; Hancock South America Expedition (1939) ; Caledonia, Bahía de ; Panama ; Field notes"
153479,South America ; Phytelephas ; Ivory nuts ; Ivory nut palm ; Specimens ; Broadsides
153613,Brazil ; Pacific Coast (Latin America) ; Travel ; War of 1812 ; Voyages and travels ; Portraits ; Cabo Verde ; Description and travel ; Essex (Frigate) ; Intaglio prints ; Naval operations ; Nuka Hiva (French Polynesia) ; United States ; Marquesas Islands
154019,Maps ; Rio Grande ; migratory birds ; United States Dept. of Agriculture ; Field notes ; Argentina ; Astronomical charts ; Paraguay ; South America ; Brazil ; Ornithology ; Buenos Aires
154229,Harvard University ; North America ; Central America ; Gray Herbarium ; Plants ; South America
154233,Gray Herbarium ; South America ; Central America ; North America ; Plants ; Harvard University
154234,Central America ; Plants ; United States ; Canada ; Gray Herbarium ; West Indies ; Mexico ; Harvard University
154443,"Marine invertebrates--Pacific Coast (South America ; Marine invertebrates ; Field notes ; Smithsonian Institution ; Venezuela ; Zoology ; California ; Higgins, Robert P ; National Museum of Natural History (U.S.) ; Marine invertebrates--California"
154996,Central America ; Birds ; South America ; Tropics
155273,Central America ; Birds
155430,Latin America ; Birds ; Tropics
155433,"South America ; Ungulates, Fossil ; Ungulata"
155668,Field notes ; Guayaquil ; Zoology ; Paita ; Walter Rathbone Bacon Traveling Scholarship Expedi ; Chile ; Falkland Islands ; Peru ; South America ; Callao ; Salinas ; Panama ; Crustaceans ; Black-and-white photographs ; Salaverry ; Ecuador ; Juan Fernández
155714,Bats ; Brazil ; Clippings (information artifacts) ; United States Dept. of Agriculture ; migratory birds ; Chile ; English sparrow ; Paraguay ; Tucuman ; Ornithology ; South America ; Asuncion ; Field notes ; Correspondence ; Argentina ; Uruguay ; Chaco ;
155715,"Brazil ; Black-and-white photographs ; Zoology ; Crustaceans ; Frio, Cabo ; Paquetá, Ilha de ; Walter Rathbone Bacon Traveling Scholarship Expedi ; Field notes ; South America"
155772,"Black-and-white photographs ; Walter Rathbone Bacon Traveling Scholarship Expedi ; Crustaceans ; Field notes ; South America ; Parnaguá ; Brazil ; Enseada da Baleia, Praia ; Zoology"
155775,Zoology ; Field notes ; Crustaceans ; Black-and-white photographs ; Brazil ; South America ; Walter Rathbone Bacon Traveling Scholarship Expedi
155779,Walter Rathbone Bacon Traveling Scholarship Expedi ; Black-and-white photographs ; Mammalogy ; Marine mammals ; Sheep ; Falkland Islands ; Zoology ; Field notes ; South America
155789,Field notes ; Zoology ; South America ; Falkland Islands ; Stanley ; Black-and-white photographs ; Walter Rathbone Bacon Traveling Scholarship Expedi
155802,Science ; Description and travel ; Plant anatomy ; South America ; Physical geography
155811,Field notes ; South America ; Zoology ; Uruguay ; Walter Rathbone Bacon Traveling Scholarship Expedi ; Black-and-white photographs
155818,Reptiles ; Snakes ; Sonora michoacanensis ; Tantilla ; Mexico ; Central America ; Classification ; Geophis
155819,"Field notes ; Zoology ; Brazil ; South America ; Crustaceans ; Enseada da Baleia, Praia ; Parana ; Walter Rathbone Bacon Traveling Scholarship Expedi ; Iapó ; Black-and-white photographs"
156125,Hancock South America Expedition (1939) ; Black-and-white photographs ; Zoology ; Field notes
156425,Germany ; West Indies ; South America ; 1788 ; Booksellers' catalogs ; Botany
156521,Bats ; Mammals ; Central America ; Mexico
156633,Discovery and exploration ; Latin America ; Natural history ; America ; West Indies ; Indians of the West Indies ; Imprint 1526 ; Indians of Central America
156712,South America ; Toromys albiventris ; Leiuromys ; Classification ; Pattonomys ; Mammals ; Echimyidae ; Peru ; Toromys ; Rodents ; Ucayali River Valley ; Phylogeny
156721,Philander (Mammals) ; Classification ; Philander pebas ; Philander canus ; Philander quica ; Latin America ; Amazon River Region ; Mammals
156724,Classification ; Andes Region ; Phylogeny ; Geographical distribution ; South America ; Reptiles ; Bolivia ; Tropical dry forests ; Tropidurus azurduyae ; Zoogeography ; Forest animals ; Lava lizards
156731,Andes ; Classification ; Eumanota wolffae ; Mycetophilidae ; Manotinae ; Geographical distribution ; Latin America ; Colombia ; Insects ; Phylogeny ; Dispersal
156863,Social life and customs ; Arc measures ; America ; Scientific Expeditions ; Colonies ; South America ; Discovery and exploration ; Spain ; Imprint 1748
156888,Bats ; Carollia ; Bolivia ; Peru ; Phyllostomida ; South America
156902,Bolivia ; Rodents ; South America
156948,Bats ; Identification ; Ecuador ; Guidebooks ; South America
157382,Phylogeny ; Classification ; Mexico ; Nyctomys sumichrasti ; Calomys ; Central America ; Molecular aspects
157419,South America ; Description and travel ; Geology ; (1831-1836) ; Beagle Expedition ; Natural history ; Voyages around the world
157532,Mexico ; Rhogeessa ; Central America
157632,South America ; Muridae ; Andes
157633,Lonchophyllinae ; South America
157668,South America ; Tapeworms
157713,South America ; Asia ; Rodents
157753,Trapping ; Latin America ; Mammals
157782,"Natural history ; Falkland Islands ; Patagonians ; Description and travel ; comte, ; South America ; 1729-1811 ; Bougainville, Louis-Antoine de, ; Magellan, Strait of (Chile and Argentina) ; Santa Catarina Island (Brazil)"
157796,South America ; Classification ; Rodents ; Central America ; Uromys
157800,South America ; Brazil ; Classification ; Lava lizards ; Molecular aspects ; Tropidurus sertanejo ; Phylogeny ; Bahia (State) ; Caatinga reptiles ; Reptiles ; Tropiduridae
159388,Birds ; Central America ; Ornithology
159929,Phylogeny ; Dispersal ; Indians of South America ; Nomenclature (Popular) ; Rain forest animals ; Mammals ; Amazon River Region ; Ethnozoology ; Mayoruna language ; Classification ; Opossums ; Ucayali River Region ; Peru ; Mayoruna Indians ; Animal divers
160021,Classification ; Mexico ; Central America ; Caribbean Area ; Hubbardiidae ; Stenochrus ; Arachnida ; Whip scorpions
160202,"South America ; 1769-1859 ; Paleontology ; Degenhardt, Charles ; Humboldt, Alexander von,"
161197,Caribbean Area ; Andes Region ; Central America ; Drosophila bromeliae ; Classification ; Drosophila ; Insects
161807,Bibliography ; Description and travel ; Antiquities ; Central America ; Guatemala
161972,Ichneumonidae ; Latin America ; Melanocryptus ; Classification ; Insects
161975,"Larvae ; Classification ; Latin America ; Hemiptera ; Nymphs (Insects) ; Africa, East ; Aphelonotus ; Congo River Valley ; Insects ; Morphology"
162357,Mata Atlântica ; Brazil ; Diptera ; Phylogeny ; Inbiomyia azevedoi ; Classification ; Inbiomyia ; Insects ; South America
162540,Classification ; Oonopidae ; Arachnida ; Colombia ; Panama ; Spiders ; Costarina ; Central America
162875,Rare mammals ; Vampyressa elisabethae ; Classification ; Andes ; Bats ; Andes Region ; Latin America ; Colombia ; Panama ; Vampyressa melissa ; Vampyressa ; Mountain animals ; Vampyressa sinchi ; Mammals
162883,Oonopidae ; Classification ; Reductoonops ; Spiders ; Arachnida ; Latin America
163246,Ponsoonops ; Bipoonops ; Oonopidae ; Latin America ; Arachnida ; Spiders ; Classification
163436,Latin America ; Oonopidae ; Classification ; Spiders ; Arachnida ; Varioonops
163437,Ethnozoology ; Exochotrigona ; Goajiro Indians ; Bees ; stingless bees ; La Guajira (Department) ; Colombia ; Indians of South America ; Nests ; Trigonisca mepecheu ; Ethnoentomology ; Insects ; Trigonisca ; Larvae ; Classification ; Anatomy
163454,Central America ; North America ; Arachnida ; Spiders ; Caribbean Area ; Oonopidae ; Oonopoides ; Classification
163537,Classification ; Spiders ; Oonopidae ; Dysderina ; Arachnida ; South America ; Tridysderina
163556,America ; Dispersal ; Classification ; Erethizontidae ; cytochrome b ; Evolution ; Mammals ; Latin America ; Molecular aspects ; Porcupines ; Phylogeny ; Geographical distribution
164006,Costarina ; Oonopidae ; Mexico ; Arachnida ; Spiders ; Central America ; Classification
165596,"Field notes ; Forests and forestry ; South America ; Whitford, Harry Nichols ; Central America"
165607,Panama ; Ecology ; South America ; Vertebrates
166162,Brachygastra cooperi ; Epiponini ; Phylogeny ; Insects ; Latin America ; Wasps ; Brachygastra ; Classification
166216,"1825-1892 ; Bates, Henry Walter, ; Natural history ; Amazon River Valley ; Brazil ; Indians of South America"
166295,Arachnida ; Latin America ; Oonopidae ; Classification ; Neoxyphinus ; Spiders
166296,Entomology ; Africa ; Carnegie Museum of Natural History ; South America ; National Museum of Natural History (US) ; Harvard University. Museum of Comparative Zoology ; British Museum (Natural History) ; Field notes ; United States of America
166315,Amazon River Valley ; Brazil ; Indians of South America ; Amazon Valley ; Natural history
166316,"Brazil ; Amazon River Valley ; 1825-1892 ; Natural history ; Bates, Henry Walter, ; Indians of South America"
166588,"Ehrenberg, Christian Gottfried, ; Verbreitung und Einfluss des mikroskopischen Leben ; Fossils ; North America ; Aquatic organisms ; Eukaryota ; South America ; 1795-1876"
167554,South America ; Indians of South America ; (1826-1830) ; (1831-1836) ; Natural history ; Adventure and Beagle Expedition ; Description and travel ; Beagle Expedition
167934,Monobia ; Vespidae ; Insects ; Classification ; Wasps ; Latin America ; Eumeninae ; Phylogeny ; Monobia goiana ; Montezumia ; Morphology
168204,"Description and travel ; California ; Central America ; Nicaragua ; Southwest, New ; Chihuahua, Mexico (State)"
168216,Andes Region ; Mexico ; Scaphidysderina ; Central America ; Oonopidae ; Classification ; Spiders ; Arachnida ; Costarina ; Dysderina
168226,Latin America ; Coendou ; Mammals ; Porcupines ; Classification
168233,Classification ; Arachnida ; Latin America ; Pescennina ; Spiders ; Oonopidae
168236,Phylogeny ; Mammals ; Marmosa ; Latin America ; Classification ; Opossums
168244,Bahia (State) ; Snakes ; Amnesteophis melanauchen ; Brazil ; Reptiles ; Colubridae ; Rhadinella ; Imantodini ; Latin America ; Nomenclature ; Classification ; Amnesteophiini ; Amnesteophis ; Dipsadinae
168258,Behavior ; Insects ; Parasites ; Centris bicornuta ; Bees ; Parasitic insects ; Larvae ; Central America ; Coelioxys chichimeca ; Host-parasite relationships
168265,Latin America ; Vampyrodes major ; Vampyrodes caraccioli ; Vampyrodes ; Mammals ; Bats ; Classification ; Dental enamel ; Molecular aspects
168493,Phylogeny ; Molecular aspects ; Classification ; mitochondrial DNA ; cytochrome b ; Mammals ; Marmosa ; Dispersal ; Geographical distribution ; Latin America ; Opossums
168677,Urophonius somuncura ; Urophonius ; Southern Cone of South America ; Urophonius pizarroi ; Classification ; Chile ; Urophonius granulatus ; Urophonius tregualemuensis ; Arachnida ; Geographical distribution ; Scorpions ; Región Metropolitana
168733,Indians of South America ; Suriname ; Description and travel ; Natural history
168934,Latin America ; Mariana Islands ; Atrevida (Corvette) ; Description and travel ; Philippines ; Descubierta (Corvette) ; Scientific Expeditions ; Voyages around the world
168975,"Brazil ; Indians of South America ; Amazon River Valley ; Natural history ; 1825-1892 ; Bates, Henry Walter,"
168983,"South America ; Paleoecology ; Argentina ; Eocene ; Stratigraphic correlation ; Mammals, Fossil ; Patagonia (Argentina and Chile) ; Chubut ; Paleontology, Stratigraphic ; Paleontology"
169004,Insects ; Argentina ; Chile ; Chileria andina ; Classification ; South America ; Latin America ; Geographical distribution ; Nomenclature ; Orthotylinae ; Orthotylus
169057,Mammals ; Classification ; Rodents ; South America ; Cerradomys
169106,Phylogeny ; Latin America ; Nomenclature ; Oryzomys ; Rodents ; Classification ; Mammals ; Muridae
169159,Phylogeny ; Apoica ellenae ; Insects ; Latin America ; paper wasps ; Apoica albimacula ; Classification ; Apoica
169179,Mexico ; Central America ; Spiders ; Southwestern States ; Zorocrates ; Arachnida ; Classification
169198,Fortaleza River Valley (Peru) ; Archäologische Stätte ; Indians of South America ; Peru ; Excavations (Archaeology) ; Fortaleza River Valley ; Antiquities
169199,Pativilca River Valley ; Peru <Ost> ; Excavations (Archaeology) ; Indians of South America ; Peru ; Archaeological dating ; Pativilca River Valley (Peru) ; Antiquities ; Radiocarbon dating ; Ausgrabung
169244,"Classification ; Insects ; Latin America ; Generative organs, Male ; Wasps ; Generative organs ; Phylogeny ; Pseudopolybia ; Pseudopolybia vespiceps"
169533,"Plant communities ; Plants, Fossil ; Paleobotany ; Cretaceous ; Paleogeography ; Cenozoic ; Latin America ; Phytogeography"
169610,Musci ; Central America ; Classification
169694,"Early works to 1800 ; Botany ; Chile ; Botany, Medical ; Peru ; South America ; Natural history ; Plants"
173904,"Southwest, New ; South America ; Books and reading ; Conservation ; Birds ; New Southwest ; Travel ; Description and travel ; Hunting"
174567,Mexico ; Insect pests ; Diseases and pests ; Food crops ; Central America
174887,Mammals ; Classification ; Latin America ; Opossums ; Phylogeny ; Marmosa
174896,Colombia ; Disteniidae ; Peru ; Insects ; Geographical distribution ; Disteniini ; Classification ; Novantinoe apiculatra ; Paracometes ; Paracometes viridis ; South America
174897,Hemiptera ; Camarochilus ; Latin America ; Insects ; Classification
175052,"Travel ; Beagle Expedition ; Natural history ; Fitzroy, Robert, ; Voyages around the world ; (1831-1836) ; Geology ; 1805-1865 ; Description and travel ; South America"
176876,Phylogeny ; Toads ; Bufonidae ; Amphibians ; South America ; Rhinella
177230,"Surameryx acrensis ; South America ; Waldochoerus bassleri ; Miocene ; Amazon River Region ; Mammals, Fossil ; Dromomerycinae ; Paleontology ; Peru ; Mammals ; Sylvochoerus woodburnei ; Peccaries, Fossil"
177333,Geographical distribution ; Cryptonanus ; Marsupials ; Classification ; Opossums ; Mammals ; Gracilinanus ; South America ; Phylogeny
177345,Asteloeca ; Insects ; paper wasps ; South America ; Classification
177936,Classification ; Marmosops creightoni ; Marsupials ; Opossums ; Marmosops ; Mammals ; Bolivia ; South America
177941,Classification ; Marsupials ; Phylogeny ; Mammals ; Development ; Microbiotheriidae ; Morphology ; Ontogeny ; Anatomy ; Dromiciops gliroides ; Middle ear ; South America ; allometry ; Growth ; Skull
177949,Latin America ; Social evolution in animals ; Evolution ; Insect societies ; Social hierarchy in animals ; Behavior evolution ; Behavior ; paper wasps ; Insects ; Morphology ; Reproduction ; Wasps ; Polymorphism (Zoology)
178200,"Dipsas andiana ; Dipsas variegata ; Behavior ; Dipsadini ; Animal defenses ; Reptiles ; Dipsas nicholsi ; Classification ; Snakes ; South America ; Defenses, ; Panama"
178506,Classification ; Central America ; Nomenclature ; Frogs ; South America ; Eleutherodactylus ; Amphibians ; Eleutherodactylus biporcatus
178520,Phylogeny ; Classification ; Butterflies ; Latin America ; Morpho ; Insects
