?TitleID,Listed subjects
1294,Peru ; Archaeology ; Indians of South America
2600,"Indians of South America ; Ethnobotany ; Ecuador ; Plants, Useful"
2764,"Description and travel ; Amazon River Valley ; Brazil ; Natural history ; 1823-1913 ; Indians of South America ; Wallace, Alfred Russel,"
2911,Antiquities ; Arizona ; Indians of North America
2931,"Antiquities ; Mounds ; Indians of South America ; Maranga, Peru ; Peru ; Maranga"
3102,Antiquities ; Great Lakes Region ; Indians of North America
3120,"Apache Co., Ariz ; Arizona ; Indians of North America ; Antiquities ; Mogollon culture"
3161,Antiquities ; Mounds ; Indians of North America ; Louisiana ; Iberville Parish (La.)
3183,Indians of North America ; Upper Peninsula ; Antiquities ; Michigan ; Upper Peninsula (Mich.)
3260,Indians of North America ; Medicine ; Pawnee Indians ; Shamans
3284,Illinois Indians ; Potawatomi Indians ; Illinois ; Indians of North America
3315,Smoking ; Tobacco ; Tobacco use ; Tobacco pipes ; Indians of North America
3325,"Peru ; Antiquities ; Pottery ; Pottery, Prehistoric ; Indians of South America ; Paruro (Peru : Province) ; Paruro (Province)"
3340,Antiquities ; Arizona ; Indians of North America
3341,"Quarries ; Converse Co., Wyoming ; Antiquities ; Indians of North America"
3414,Indians of North America ; American Indians ; Pipes ; États-Unis ; Tobacco pipes ; Indiens d'Amérique ; United States ; Amérique du Nord ; Tabagisme ; Tobacco use ; North America
3442,Legends ; Osage Indians ; Indians of North America
3467,Antiquities ; Arizona ; Indians of North America
3491,Religion and mythology ; Maya language ; Belize ; Ethnology ; Indians of Central America ; Mayas
3501,Anthropomâetrie ; Indiens d'Amâerique ; Newfoundland and Labrador ; Indians of North America ; Amâerique du Nord ; Terre-Neuve-et-Labrador ; Eskimos ; Inuit ; Anthropometry ; Labrador ; Terre-Neuve
3502,Chichen Itza (Mexico) ; Indians of Mexico ; Mortuary customs
3511,Social life and customs ; Antiquities ; South America ; Indians of South America
3524,Crow Indians ; Legends ; Indians of North America
3530,Antiquities ; Tribes ; Politics and government ; Arizona ; Indians of North America ; Pueblo Indians ; Archaeology
3559,Social life and customs ; Hopi Indians ; Indians of North America
4925,United States ; Indians of North America ; Fungi ; Social life and customs ; Outdoor life ; Trees
5180,Peru ; Pottery dating ; Archaeology ; Indians of South America ; Pottery
5182,Iowa ; Material culture ; Indians of North America ; Wisconsin ; Michigan ; Fox Indians
5189,"Argentina ; Antiquities ; Santa Maria Valley, Argentine Republic ; Santa Maria Valley ; Indians of South America ; Pottery ; Urns"
5202,Material culture ; Indians of North America ; Catalogs and collections ; Chilcotin Indians ; British Columbia ; Catalogs ; Field Museum of Natural History
5258,"Great Plains ; Indians of North America ; Material culture ; 1868-1931 ; Catalogs ; Ethnological collections ; Chicago ; Catalogs and collections ; Assiniboine Indians ; Field Museum of Natural History ; Yanktonai Indians ; Illinois ; Dorsey, George Amos,"
5260,"Peru ; Antiquities ; Excavations (Archaeology) ; Indian pottery ; Indians of South America ; Cuzco Region (Peru) ; Cuzco Region ; Pottery, Prehistoric"
5262,"Indians of South America ; Antiquities ; Catalogs ; Indian pottery ; Peru ; Pottery, Prehistoric ; South America ; Catalogs and collections ; Field Museum of Natural History"
5274,"Field Museum of Natural History ; Cree Indians ; Alberta ; Catalogs and collections ; Cowie, Isaac ; Indians of North America ; Ethnological collections ; Catalogs ; Material culture"
5278,"Ethnological collections ; Ingalik Indians ; Alaska ; Catalogs ; Field Museum of Natural History ; Illinois ; Chicago ; Indians of North America ; Material culture ; Catalogs and collections ; Cherry, Marcus O"
5281,Legends ; Indians of North America ; Arapaho Indians
5283,Indians of North America ; Athapascan Indians ; Field Museum of Natural History ; Catalogs ; Alaska ; Material culture
5292,Indians of South America ; Antiquities ; Nazca culture ; Captain Marshall Field Archaeological Expeditions ; Nazca River Valley ; Peru
5347,Diaquita Indians ; Indians of South America ; Antiquities ; Argentina ; Pottery ; Tucumán (Province) ; Tucumán (Argentina : Province)
5348,Material culture ; Indians of North America ; Catalogs and collections ; Kainah Indians ; Materièele cultuur ; Field Museum of Natural History ; Alberta ; Catalogs ; Blackfoot (volk)
5434,Alaska ; Costume ; Indians of North America ; Athapascan Indians ; Costume and adornment ; Catalogs ; Field Museum of Natural History
5449,Catalogs ; Catalogs and collections ; Silverwork ; Clothing ; Indians of North America ; Commerce ; Field Museum of Natural History
5455,Alaska ; Nunivak Island ; Eskimos ; Material culture ; Indians of North America
5466,"Indians of North America ; Ojibwa Indians ; Field Museum of Natural History ; 1863-1937 ; Catalogs ; Simms, Stephen C ; Minnesota ; Ethnological collections ; (Stephen Chapman), ; Material culture"
5645,Antiquities ; Indians of North America ; Arizona
5646,Michigan ; Houghton County (Mich.) ; Indians of North America ; Antiquities
6218,Northwest Passage ; Vancouver Island (B.C.) ; Northwest Coast of North America ; Pacific Ocean ; Indians of North America ; Pacific coast
6479,Indians of North America ; Natural history ; Craniology
6519,Antiquities ; Pottery ; Indians of South America ; Excavations (Archaeology) ; Ecuador
6732,Arizona ; Indians of North America ; Antiquities
7145,Antiquities ; Arizona ; Pueblos ; Indians of North America
7159,Indians of North America ; Antiquities ; Colorado
7172,Antiquities ; Colorado ; Indians of North America
7173,Antiquities ; Indians of North America ; Colorado
8110,Early works to 1800 ; Tobacco use ; Indians of North America ; Tobacco ; Imprint 1626 ; Physiological effect ; Nicotiana ; Therapeutic use ; Solanaceae
9013,"Botany, Medical ; Plants ; Indians of South America ; Colombia ; Medicine"
11139,Maps ; Pacific railroads ; California ; Natural history ; Discoveries in geography ; Exploring expeditions ; Explorations and surveys ; United States ; Discovery and exploration ; 19th century ; Description and travel ; West (U.S.) ; American ; Indians of
12340,5.06(76.1)A ; Alabama ; Indians of North America ; Natural history
12681,"Description and travel ; Puget Sound (Wash.) ; Indians of North America ; 1754-1842 ; Plants ; Vancouver Island (B.C.) ; 1757-1798 ; Vancouver, George, ; Menzies, Archibald, ; Botanical exploration ; British Columbia ; Northwest Coast of North America ; V"
13535,"Amazon River Valley ; Brazil ; Portraits ; 1825-1892 ; Natural history ; Indians of South America ; Bates, Henry Walter,"
13586,Corwin (Revenue Cutter) ; Kobuk river ; Birds ; Arctic regions ; Bogoslov island ; Alaska ; Indians of North America
14098,"Catalogs ; Ethnological collections ; Naskapi Indians ; Newfoundland ; 1899-1962 ; Labrador ; Material culture ; Indians of North America ; Field Museum of Natural History ; Strong, William Duncan,"
15286,"Arctic regions ; Northwest, Canadian ; Natural history ; Indians of North America ; Description and travel ; Northwest Passage ; Canadian"
16406,Economic conditions ; Ethnology ; Description and travel ; Brazil ; Mines and mineral resources ; Indians of South America
16898,Hunting ; Civil rights ; Fishing ; Animals ; Indians of North America ; Conservation of natural resources ; Management ; United States
16925,"Law and legislation ; Fishing ; Indians of North America ; United States ; Canada ; Northwest, Pacific ; Salmon fisheries ; Pacific salmon fisheries"
17162,Description and travel ; Indians of South America ; Natural history ; Amazon River Valley ; Brazil
17873,Natural history ; Indians of Mexico ; Peru ; America ; Early accounts to 1600 ; Indians of South America ; Latin America
18606,West (U.S.) ; Hunting ; Rocky Mountains ; Frontier and pioneer life ; Indians of North America ; 1860-1880 ; Description and travel
18942,Canada ; Eskimos ; North America ; Indians of North America ; Indigenous peoples
18994,Indians of North America ; Alaska ; Eskimos
18999,Indians of North America ; Tewa Indians ; Zoology ; New Mexico ; Economic conditions
19003,"Hopi Indians ; (1892 : ; America ; Pottery ; Craniology ; Hemenway collection ; Exposición Histórico-Americana ; Mexico ; Indians of North America ; Madrid, Spain) ; Antiquities ; Columbus, Christopher ; North America ; Stone implements ; Featherwork ; Ic"
19016,Indians of North America ; Makah Indians ; Washington (State)
19027,Indians of North America ; Funeral customs and rites ; Alaska
19033,Indians of North America ; Portraits ; Catalogs
19039,Eskimos ; Indians of North America ; Church of England ; Missions ; Canada
19118,Indians of Mexico ; Latin America ; Peru ; Natural history ; America ; Early accounts to 1600 ; Indians of South America
19301,Indians of North America ; North America ; Tobacco
19305,California ; Basket-Maker Indians ; Indians of North America ; Indian baskets ; North America
19320,Antiquities ; New York (State) ; Indians of North America
19332,Indians of South America ; Latin America ; Natural history ; Early accounts to 1600 ; Indians of Mexico ; America ; Early works to 1800 ; Peru
19401,Colorado ; Hunting ; Frontier and pioneer life ; Indians of North America ; Kansas ; West (U.S.) ; Colorado River Valley
19986,Hudson Bay ; Eskimos ; Indians of North America
21331,Indians of North America ; Description and travel ; North Carolina ; South Carolina ; Natural history
21434,Botany ; Classification ; Description and travel ; Indians of North America ; Southern States ; Spain ; America ; Plants ; South America ; Early works to 1800 ; Louisiana ; Mississippi River Valley ; Haiti
21586,North America ; Indian baskets ; Indians of North America ; Utah
21600,South Carolina ; Description and travel ; Indians of North America ; Natural history ; North Carolina
21616,Natural history ; Indians of North America ; Juvenile literature (American) ; Aztec children ; West (U.S.)
21666,"Antiquities ; Natural history ; Conquest, 1519-1540 ; History ; Aztecs ; Indians of Mexico ; Mexico"
22346,"Missions ; Alaska ; Description and travel ; Lindsley, A. L ; 1817-1891 ; (Aaron Ladner), ; Indians of North America ; Eskimos"
23215,Indians of North America ; United States ; Description and travel ; Hunting ; West (U.S.)
23349,"West (U.S.) ; Description and travel ; Indians of North America ; The West ; Northwest, Canadian ; Hunting"
23538,"Indians of North America ; Description and travel ; Northwest, Canadian ; Canada ; Hunting"
24884,Corwin (Revenue Cutter) ; Arctic regions ; Bogoslov island ; Kowak River ; Alaska ; Indians of North America ; Birds
26294,Food ; Corn ; Ethnobotany ; Indians of North America ; Iroquois Indians
26584,"Northwest, Canadian ; Indians of North America ; Canada ; Description and travel ; Hunting"
26616,Indians of South America ; Amazon Valley ; Natural history ; Amazon River Valley ; Description and travel
26751,North America ; New York (State) ; Clothing ; Indian metal-work ; Indians of North America
28072,Indians of North America ; Ojibwa Indians ; Medicine ; Health and hygiene
28167,"Northwest, Canadian ; Hearne, Samuel, ; 1745-1792 ; Description and travel ; Indians of North America ; Northwest Passage ; Natural history"
28605,Indians of North America ; Antiquities ; New York (State) ; Implements
28933,North Carolina ; Indians of North America ; Description and travel ; South Carolina ; Natural history ; Early works to 1800
28957,Amazon River Valley ; Indians of South America ; Brazil ; Natural history ; Languages ; Description and travel
30743,Agriculture ; Bolivia ; Indians of South America
32199,Prehistoric peoples ; Indians of North America
32218,"Description and travel ; Hunting ; Canada ; Indians of North America ; Northwest, Canadian"
32257,Great Lakes (North America) ; Sources ; Description and travel ; Geology ; Indians of North America ; Discovery and exploration ; Natural history ; New York (State) ; United States ; Mississippi river ; Ojibwa language ; Mississippi River Valley ; Northwe
32420,Brazil ; Mato Grosso (Brazil : State) ; Mato Grosso (State) ; Indians of South America ; Xingu River (Brazil) ; Description and travel ; Scientific Expeditions
32507,Missouri River Valley ; Botany ; Indians of North America ; Medicine ; Ethnobotany
33105,Indians of South America ; Paraguay ; Birds ; Natural history ; Description and travel
34366,New England ; Natural history ; Indians of North America ; Medicine
34698,"Wars, 1862-1865 ; Indians of North America ; Middle west ; Hunting ; Dakota Indians ; Trapping"
35615,"1795 ; Description and travel ; 1745-1792 ; Natural history ; Indians of North America ; Northwest, Canadian ; Northwest Passage ; Early works to 1800 ; Hearne, Samuel, ; canimp"
35649,"Hunting ; 1867-1950 ; Canada ; Description and travel ; Northwest, Canadian ; Indians of North America"
35856,Indians of North America ; British Columbia ; Alaska
36360,"Botany ; Histoire ; Louisiana ; Nouvelle-France ; To 1763 (New France) ; History ; To 1803 ; Indians of North America ; Florida ; Description and travel ; Huguenot colony, 1562-1565 ; North America ; Canada"
36463,Natural history ; Latin America ; Early accounts to 1600 ; Indians of Mexico ; America ; Indians of South America ; Peru
36485,Amazon River ; Indians of South America ; Brazil ; Amazonas (Brazil) ; Natural history ; Amazon River Valley
36488,"(1892 : ; America ; Indians of North America ; Madrid, Spain) ; Antiquities ; Columbus, Christopher ; Hemenway collection ; Craniology ; Mexico ; Stone implements ; Pictorial works ; Pottery ; Stone age ; Featherwork ; Hopi Indians ; Exposición Histórico-"
37045,Horses ; Great Plains ; Indians of North America ; Siksika Indians ; Domestic animals
37335,Amazon River Valley ; Natural history ; Indians of South America ; Brazil
37911,"Oregon ; Alaska ; Glossaries, vocabularies, etc ; Languages ; Eskimos ; Indians of North America ; Eskimo languages ; Aleuts ; Washington (State)"
37975,Indians of North America ; Botany ; America ; Plants
37984,Queen Charlotte Islands ; King George (Ship) ; Zoology ; Queen Charlotte (Ship) ; Northwest Coast of North America ; British Columbia ; Indians of North America
38019,Louisiana ; Indians of North America ; Natural history ; Mississippi Valley
38021,"Description and travel ; Indians of North America ; Natural history ; To 1821 ; Jusqu'à 1821 ; Northwest, Canadian ; Churchill (Man.)"
38023,Northwestern States ; Indians of North America ; Biology ; Description and travel
38025,Northwestern States ; Indians of North America ; Description and travel ; Natural history
38029,Tobacco ; Narcotics ; Haida Indians ; British Columbia ; Indians of North America
38364,Meteorology ; Haida Indians ; Crustacea ; Indians of North America ; Geology ; Queen Charlotte Islands ; British Columbia ; History ; Queen Charlotte Islands (B.C.) ; Description and travel
38379,British Columbia ; Indians of North America ; Yukon Territory ; Yukon ; Botany ; Description and travel ; Trees ; Geology
38648,Indians of North America ; Fisheries ; Mines and mineral resources ; Colonization ; Description and travel ; British Columbia ; Railroads ; Timber
38842,Economic conditions ; Statistics ; Natural resources ; History ; Canada ; Law ; Transportation ; Indians of North America
38986,"Colonial period, ca. 1600-1775 ; Louisiana ; Natural history ; Mississippi River Valley ; History ; Indians of North America ; Description and travel"
39246,Eskimos ; Description and travel ; Canada ; Catholic Church ; Missions ; Indians of North America ; Northwest Territories
39303,Indians of North America ; Transpacific influences ; Newfoundland and Labrador ; Fisheries
39357,"Natural history ; Indians of North America ; Arctic regions ; Alaska ; Kowak River, Alaska ; Noatak River (Alaska) ; Corwin (Revenue Cutter)"
39681,"Indians of North America ; Zoology ; Description and travel ; Hudson's Bay Company ; To 1870 ; Canada ; Northwest, Canadian"
39682,"Canada ; Description and travel ; Hudson's Bay Company ; To 1870 ; Zoology ; Indians of North America ; Northwest, Canadian"
40244,Natural history ; Outdoor books ; Outdoor life ; Indians of North America ; Camping
40248,Indians of North America ; Outdoor life ; Natural history ; Outdoor books ; Camping
40425,"History ; Pennsylvania ; Natural history ; Description and travel ; Colonial period, ca. 1600-1775 ; Indians of North America"
41158,British Columbia ; Zoology ; Indians of North America ; Queen Charlotte (Ship) ; Queen Charlotte Islands ; Description and travel ; China ; Meteorlogy ; Observations ; King George (Ship) ; Voyages around the world ; To 1900
41404,Indians of North America ; Ethnology ; North America
41408,Missions ; Athapascan languages ; Bibliography ; Indians of North America ; Languages ; Chinookan languages ; Maps
41417,America ; Ethnology ; Antiquities ; Smithsonian Institution ; Bibliography ; Anthropology ; Indians of North America ; Bureau of American Ethnology
41418,America ; Ethnology ; Smithsonian Institution ; Indians of North America ; Bureau of American Ethnology ; Bibliography
41447,"Folklore ; Names, Indian ; Bibliography ; Indians of North America ; North America"
41519,Rocky Mountains ; Description and travel ; West (U.S.) ; Indians of North America
41747,"Indians of North America ; Dissertations, Academic ; Anthropology thesis Ph. D ; UF ; Southern States ; Anthropology ; Population ; 16th century ; First contact with Europeans ; Acculturation ; History"
41772,Forests and forestry ; United States ; Reservations ; Indians of North America
42211,"Description and travel ; Santa Fe National Historic Trail ; West (U.S.) ; New Mexico ; Southwest, New ; Mexico ; Indians of North America"
42237,North Carolina ; South Carolina ; Indians of North America ; Natural history ; Description and travel
42252,Anthropology ; Indians of North America
42287,North Carolina ; Early works to 1800 ; Indians of North America ; Description and travel ; Natural history ; South Carolina
43388,Indians of South America ; Early accounts to 1600 ; Indians of Mexico ; America ; Peru ; Discovery and exploration ; Latin America ; Natural history
43924,Funeral customs and rites ; Indians of North America
44451,Indians of North America ; Newfoundland and Labrador ; Meteorology ; Description and travel ; Geology ; Natural history ; Observations ; Labrador (Nfld.) ; Labrador ; Québec (Province)
44798,Natural history ; Indians of North America ; Early works to 1800 ; South Carolina ; North Carolina ; Description and travel
45017,Indians of North America ; Bibliography ; Languages
45051,"1860-1880 ; Northwest, Canadian ; Hunting ; To 1870 ; West (U.S.) ; Indians of North America ; Description and travel ; Adventure and adventurers"
45362,"1844-1919 ; North America ; Natural history ; Jones, C.J. (Charles Jesse) ; Indians of North America ; Canada ; Description and travel"
45369,Indians of North America ; Zoology ; Northwestern States ; Biology ; Description and travel
45370,Indians of North America ; Northwestern States ; Biology ; Description and travel ; Zoology
45752,Indians of North America ; United States ; National parks and reserves ; Reclamation of land ; Natural resources ; Forest reserves ; Public lands ; Reservations
46248,Brazil ; Amazon River Valley ; Indians of South America ; Natural history
46285,"1812-1887 ; Description and travel ; Indians of North America ; Marcy, Randolph Barnes, ; Texas"
46401,West Indies ; Languages ; Description and travel ; History ; Indians of the West Indies ; France ; Colonies ; Natural history ; Texts
46458,Fisheries ; Natural history ; Cod-fisheries ; Description and travel ; Nova Scotia ; To 1784 ; Indians of North America
46597,"Canada ; To 1821 ; Natural history ; Description and travel ; Northwest Passage ; Northwest, Canadian ; Indians of North America"
46738,Northwestern States ; Description and travel ; Natural history ; Indians of North America
46877,Description and travel ; Indians of North America ; Natural history ; Northwestern States
46912,Description and travel ; West Indies ; Natural history ; Canada ; Greenland ; Inuit ; Mexico ; United States ; Indians of North America
46913,Natural history ; Indians of North America ; Louisiana ; Mississippi Valley
46925,Indians of North America ; To 1803 ; History ; Mississippi Valley ; Description and travel ; Louisiana ; Natural history
46955,"Athabasca and Peace River Treaty Expedition ; Birds ; Alberta ; Mammals ; Northwest, Canadian ; (1899) ; Treaties ; Indians of North America ; Canada ; Description and travel"
46970,"Pacific railroads ; Description and travel ; Southwest, New ; Explorations and surveys ; Indians of North America"
47078,Natural history ; Indians of South America ; Description and travel ; South America
48399,Description and travel ; Indians of North America ; Northwestern States ; Natural history
48501,Indians of South America ; America ; Craniology
48544,Brazil ; Early works to 1800 ; Medicine ; Natural history ; Indians of South America
48553,"canimp ; Description and travel ; Indians of North America ; 1911 ; Northwest, Canadian ; Natural history ; Northwest Passage"
48609,"Archaeology ; Indians of South America ; Animals, Fossil ; Travel ; History ; Castelnau, Francis, ; Bolivia ; Natural history ; Peru ; Plants ; South America ; 19th century ; Animals ; Description and travel ; Scientific Expeditions ; Brazil ; comte de, ;"
48713,"Description and travel ; Northwest, Canadian ; Indians of North America ; Canada ; To 1821 ; Northwest Passage ; Natural history"
49058,Indians of North America ; American ; Maps ; Languages ; Description and travel ; Discoveries in geography ; Astronomy ; West (U.S.) ; United States ; Geology ; Surveys ; Discovery and exploration ; Natural history
49067,Natural history ; Panama ; Indians of Central America ; Description and travel ; Early works to 1800
49789,Outdoor books ; Indians of North America ; Outdoor life ; Natural history ; Camping
49973,Natural history ; Description and travel ; Northwestern States ; Indians of North America
50267,Imprint 1776 ; Taino sculpture ; Taino art ; Taino Indians ; Taino pottery ; Haiti ; Taino wood-carving ; Antiquities ; Indians of the West Indies ; Botany ; Hispaniola ; Natural history
51373,Natural history ; Peru ; Indians of South America ; Indians of Mexico ; Early accounts to 1600 ; America ; Latin America
51529,"Languages ; Natural history ; Bodmer, Karl, ; Wied, Maximilian, ; Travel ; United States ; 1782-1867 ; 1809-1893 ; Description and travel ; West (U.S.) ; Missouri River Valley ; Indians of North America ; Pictorial works ; Prinz von, ; Great Plains"
51789,"Discovery and exploration ; French ; 1567-1635 ; To 1663 (New France) ; Champlain, Samuel de, ; Indians of North America ; Canada ; History ; America"
53666,"Mexico ; Panama ; Description and travel ; Central America ; Natural history ; Indians of Mexico ; Wafer, Lionel, ; Travel ; Early works to 1800 ; 1660?-1705? ; Pre-Linnean works ; Indians of Central America"
53787,Nahuatl language ; Natural history ; Imprint 1830 ; Imprint 1829 ; Nahua calendar ; Indian linguistics ; Aztecs ; Indians of Mexico ; CSAIP ; Mexico ; Antiquities
53845,History ; Natural history ; Nova Scotia ; Acadia ; Indians of North America
54127,Outdoor books ; Camping ; Natural history ; Outdoor life ; Indians of North America
56097,Lewis and Clark Expedition ; History ; (1804-1806) ; Exhibitions ; Montana ; Indians of North America ; Natural history
56670,Tropics ; Brazil ; Description and travel ; South America ; Natural history ; Indians of South America
56679,Natural history ; Craniology ; Indians of North America
57317,"Description and travel ; Indians of North America ; Treaties ; Athabasca and Peace River treaty expedition, 1899 ; Birds ; Mammals ; Northwest, Canadian ; Alberta ; Canada"
57384,"Indians of North America ; Picture-writing, Indian ; Arapaho art ; Oklahoma ; Symbolism in art ; Arapaho Indians ; Wyoming"
58207,Natural history ; Description and travel ; Amazon River Valley ; Indians of South America
58593,Indians of North America ; Craniology ; Natural history
59161,California ; Indians of North America ; California Desert Conservation Area (Calif.) ; Desert ecology ; California Desert National Conservation Area
59393,Peru ; Indians of South America ; Early accounts to 1600 ; Indians of Mexico ; Natural history ; America ; Discovery and exploration ; Latin America ; Imprint 1596
59725,"Description and travel ; North Carolina ; South Carolina ; Tuscarora language ; Glossaries, vocabularies, etc ; Indian linguistics ; Natural history ; Indians of North America ; Imprint 1737 ; Woccon language"
59726,"Glossaries, vocabularies, etc ; Tuscarora language ; North Carolina ; Imprint 1743 ; South Carolina ; Woccon language ; Natural history ; Indians of North America ; Description and travel ; Indian linguistics"
59745,"Natural history ; North Carolina ; 1714 ; Indians of North America ; Glossaries, vocabularies, etc ; Great Britain ; Indian linguistics ; South Carolina ; Woccon language ; Catalogs, Booksellers' ; Description and travel ; Imprint 1714 ; Tuscarora languag"
59777,"Imprint 1712 ; Glossaries, vocabularies, etc ; Woccon language ; North Carolina ; Natural history ; South Carolina ; Description and travel ; Indian linguistics ; Tuscarora language ; Indians of North America"
59789,"Indians of North America ; North Carolina ; Description and travel ; Glossaries, vocabularies, etc ; Catalogs, Booksellers' ; Indian linguistics ; Tuscarora language ; Imprint 1718 ; Woccon language ; Great Britain ; Natural history ; South Carolina ; 171"
59903,"1709 ; Description and travel ; Indian linguistics ; Indians of North America ; Woccon language ; North Carolina ; Glossaries, vocabularies, etc ; Natural history ; Great Britain ; South Carolina ; Tuscarora language ; Catalogs, Booksellers' ; Imprint 170"
59913,America ; Tuscarora language ; South Carolina ; Natural history ; Woccon language ; Indians of North America ; North Carolina ; Pampticough language ; Colonies ; Great Britain ; Description and travel ; Maps ; Indian linguistics ; Imprint 1722 ; Pre-Linne
60274,West (U.S.) ; Discovery and exploration ; Lewis and Clark Expedition ; United States ; Botany ; Zoology ; Indians of North America
60817,"Cabrillo, Juan Rodriques, ; Pueblos ; d. 1543 ; Ethnology ; Southwest, New ; Indians of North America ; Antiquities ; Languages ; America"
60820,"active 1630-1675 ; Description and travel ; Zoology, Medical ; Natural history ; Early works ; Medicine ; Travel ; Botany, Medical ; Pre-Linnean works ; Josselyn, John, ; New England ; White Mountains (N.H. and Me.) ; Indians of North America"
61063,"Indians of North America ; Southwest, New ; Description and travel ; United States ; Colorado River (Colo.-Mexico) ; Discovery and exploration ; Arizona ; Natural history ; Zuni River (N.M. and Ariz.)"
61116,"Discovery and exploration ; Indians of North America ; Middle west ; Discoveries in geography ; Explorations, 1819-1820 ; Untrimmed edges (Binding ; West (U.S.) ; Languages ; Description and travel, 1800-1825 ; Glossaries, vocabularies, etc ; United State"
61174,"History ; West Indies, French ; Natural history ; West Indies ; Indian linguistics ; Carib language ; Indians of the West Indies"
61493,Indians of South America ; 19th century ; History ; Lithographs ; Sources ; Bolivia ; South America ; Peru ; Brazil ; Description and travel ; France ; Scientific Expeditions ; Natural history ; Antiquities
61789,Indians of South America ; Mexico ; Antiquities ; Description and travel ; Andes ; Peru ; Indians of Mexico
61840,"Glossaries, vocabularies, etc ; Ohio River ; Discovery and exploration ; Indians of North America ; United States ; Description and travel ; West (U.S.) ; Languages"
61843,"Early accounts to 1600 ; Hariot, Thomas, ; Description and travel ; Roanoke Colony ; Indians of North America ; 1560-1621 ; North Carolina ; America ; Early works to 1800"
61959,Imprint 1648 ; Indians of South America ; Natural history ; Brazil ; Pre-Linnean works ; Indian linguistics ; Mapuche language ; Tupi language
62414,United States ; Northwestern States ; Indians of North America ; Ojibwa Indians ; Description and travel ; Mississippi river ; Discovery and exploration
62527,"Chiloé (Chile) ; Patagonia (Argentina and Chile) ; Indians of South America ; Catalogs, Booksellers' ; Great Britain ; Imprint 1809 ; Indian linguistics ; Natural history ; Chile ; Mapuche Indians ; History ; Mapuche language ; 1809 ; To 1810"
62586,West (U.S.) ; Pictorial works ; Catalogs ; Indians of North America ; Portraits
62597,"Catalogs, Booksellers' ; Imprint 1709 ; Natural history ; Woccon language ; North Carolina ; Indians of North America ; Description and travel ; Tuscarora language ; 1709 ; Glossaries, vocabularies, etc ; Indian linguistics ; Great Britain ; South Carolin"
62722,Patagonia (Argentina and Chile) ; Mapuche language ; Chile ; Mapuche Indians ; Indian linguistics ; Natural history ; Description and travel ; Indians of South America
62990,Peru ; Indians of South America ; America ; Early accounts to 1600 ; Indians of Mexico ; Natural history ; Latin America
63217,"Cherokee Indians ; Medicine ; Asheville ; 1849 ; Medicine, Traditional ; Botany, Medical ; Indians of North America ; Medicine, Popular ; Herbs ; North Carolina imprints ; Therapeutic use ; North Carolina ; United States"
63363,"Atlantic Ocean ; Natur ; 1603-1713 ; Description and travel ; Geschichte ; Atlantic cod fisheries ; North America ; Acadia ; Fisheries ; Gulf of Saint Lawrence ; Travel ; To 1784 ; Indians of North America ; Nova Scotia ; Akadien ; Canada, Nova Scotia ; N"
65366,Wisconsin ; Indians of North America ; Mounds
66859,"1809-1884 ; Letters ; Indians of North America ; Correspondence ; (Thomas Mayo), ; Brewer, T. M ; Indian Valley ; Idaho ; Engelmann, George, ; 1814-1880"
68185,"Southwest, New ; Indians of North America"
68190,Peru ; Antiquities ; Incas ; Indians of South America
68194,Mexico ; Indians of Central America ; Antiquities ; Indians of Mexico
68255,Mexico ; Indians of Mexico ; Antiquities ; Indians of Central America ; Central America
68256,Indians of Mexico ; Antiquities ; Central America ; Indians of Central America ; Mexico
68259,Northwest Coast of North America ; Indians of North America
68260,Great Plains ; Indians of North America
68264,Great Plains ; Indians of North America
68275,"Indians of North America ; Southwest, New"
68276,Great Plains ; Indians of North America
68277,Antiquities ; Indians of North America ; Northwest Coast of North America
68278,Northwest Coast of North America ; Indians of North America
68279,"Indians of North America ; Southwest, New"
68283,History ; Peru ; Indians of South America ; Incas ; Antiquities ; To 1548
68328,Indian goldwork ; Peru ; Exhibitions ; Museo Oro del Perú ; Indians of South America ; Antiquities
68330,Indians of North America ; Great Plains
68331,Great Plains ; Indians of North America
68334,Antiquities ; Incas ; History ; Indians of South America ; Peru ; To 1548
68339,Peru ; Antiquities ; Incas ; Indians of South America ; History ; To 1548
68341,Mexico ; Antiquities ; Central America ; Indians of Mexico ; Indians of Central America
68940,Great Plains ; Horses ; Indians of North America
69115,Incas ; Peru ; Indians of South America ; 57.1(8)2 ; Antiquities
69116,"Northwest, Pacific ; Indians of North America ; Northwest, Canadian ; 55.1(7)3"
69120,Indians of North America ; Northwest Coast of North America ; Salishan Indians ; Portraits ; Pictorial works ; 57.1(7)4I
69471,"Botany, Medical ; Medical geography ; Brazil ; Medicine ; Natural history ; Indians of South America"
70747,"1796-1873 ; Hall, Elihu, ; United States ; 1830-1882 ; Harney, William S ; Indians of North America ; Shumard, B. F ; Torrey, John, ; (Frederick Adolph), ; 1784-1867 ; Colorado ; History ; 1810-1889 ; 1822-1882 ; Missouri ; Warren, G. K ; Yellowstone Nati"
77384,New York (State) ; New York Region ; Antiquities ; Indians of North America ; Manhattan Indians
77413,Imprint 1605 ; Peru ; Latin America ; Indians of South America ; Discovery and exploration ; Natural history ; Early accounts to 1600 ; Indians of Mexico ; America
77456,Early accounts to 1600 ; Indians of Mexico ; America ; Latin America ; Indians of South America ; Discovery and exploration ; Natural history ; Peru ; Imprint 1598
77457,Latin America ; Natural history ; Discovery and exploration ; Indians of Mexico ; America ; Early accounts to 1600 ; Indians of South America ; Imprint 1600 ; Peru
77503,History ; Natural history ; To 1803 ; Mississippi River Valley ; Indians of North America ; Louisiana ; America ; Early works to 1800 ; Colonies ; Description and travel ; France
78211,Saint Catherines Island (Ga.) ; Analysis ; Indians of North America ; Excavations (Archaeology) ; Saint Catherines Island ; Human remains (Archaeology) ; Antiquities ; Paleopathology ; Guale Indians ; Mounds ; Human skeleton ; Georgia
79347,"Le Raye, Charles ; Indian captivities ; Dakota Indians ; Indians of North America ; Travel ; Mississippi River Valley ; Ohio ; Description and travel"
79349,Ethnobotany ; Indians of North America ; Ojibwa Indians ; North America
79994,"Texas ; Technical reports ; Indians of North America ; Letters ; Correspondence ; Engelmann, George, ; El Paso ; 1809-1884 ; Thom, George"
80439,Indians of North America ; Shoshoni Indians ; Medicinal plants ; Paiute Indians ; Nevada ; Washo Indians
81104,Nevada ; Medicinal plants ; Washoe Indians ; Indians of North America
82196,"1814-1874 ; Letters ; Missouri ; 1809-1884 ; Engelmann, George, ; Correspondence ; Wyman, Jeffries, ; Material culture ; Saint Louis ; Indians of North America"
82312,Medicinal plants ; Nevada ; Washo Indians ; Indians of North America
82326,"Etymology ; Mexico ; Indians of Mexico ; Languages ; Names, Geographical"
82335,"(Claude-Charles Le Roy), ; Bacqueville de La Potherie, ; History ; Travel ; M. de ; Iroquois Indians ; Canada ; Description and travel ; 1668-1738 ; Indians of North America ; Early works to 1800 ; To 1763 (New France)"
82376,"Indians of North America ; French ; Description and travel ; Algonquian ; Portugal ; Dictionaries ; To 1763 (New France) ; Glossaries, vocabularies, etc ; Wyandot language ; Early works to 1800 ; History ; Canada ; French language ; Algonquian languages ;"
82378,Indians of North America ; Mississippi River Valley ; New France ; Description and travel ; Canada ; Discovery and exploration
82383,Early works to 1800 ; Mississippi River Valley ; New France ; Indians of North America ; Discovery and exploration ; Canada ; Description and travel
82389,"Manitoba ; Northwest, Canadian ; Missions ; Description and travel ; Canada ; Indians of North America ; Red River Settlement"
82390,"Canada ; Fur trade ; Languages ; Indians of North America ; Glossaries, vocabularies, etc ; Northwest, Canadian ; Description and travel"
82391,"Carrier language ; Canada ; Description and travel ; Glossaries, vocabularies, etc ; Cree language ; Northwest, Canadian ; Indians of North America"
82392,"Wyandot language ; Algonquin language ; Portugal ; Denmark ; Indians of North America ; History ; Canada ; To 1763 (New France) ; Description and travel ; Early works to 1800 ; Glossaries, vocabularies, etc"
82451,Description and travel ; Peru ; Antiquities ; Ecuador ; Indians ; Andes ; Mountains ; Mexico ; Indians of South America
83558,"To 1519 ; Indians of Mexico ; Conquest, 1519-1540 ; Mexico ; History"
83665,"Conquest, 1519-1540 ; To 1519 ; History ; Indians of Mexico ; Mexico"
83675,Mexico ; Missions ; Indians of Mexico ; Jesuits ; Early works to 1800 ; Baja California (Mexico : Peninsula) ; Description and travel
83716,Natural history ; Panama ; Description and travel ; Indians of Central America
83717,"Cuna language ; Early works to 1800 ; Glossaries, vocabularies, etc ; Description and travel ; Natural history ; Panama ; Indians of Central America ; Voyages and travels"
84376,"Stephens, John L., ; Mexico ; Description and travel ; Indians of Central America ; 1805-1852 ; Indians of Mexico ; Travel ; Yucatán (Mexico : State) ; Antiquities ; Central America ; Mayas ; Chiapas (Mexico)"
84377,"Social life and customs ; Early works to 1800 ; Travel ; Withington, Nicholas ; East Indies ; Central America ; Cockburn, John ; Description and travel ; Indians of Central America ; mariner"
84420,"1734-1801 ; English West Indian Expedition, 1795-1796 ; Medicine ; West Indies ; Indians of South America ; Abercromby, Ralph, ; Sir, ; Slavery ; 1768-1835 ; Anglo-French War, 1793-1802 ; Description and travel ; Barbados ; Pinckard, George, ; Guyana ; Ye"
84447,Natural history ; Missions ; Indians of South America ; America ; Early accounts to 1600 ; Latin America ; Jesuits
84570,Brazil ; Natural history ; Amazon River Valley ; Indians of South America
84598,Natural history ; Description and travel ; Paraguay ; Indians of South America ; Birds
84933,Fuegians ; Beagle Expedition ; Patagonians ; Patagonia (Argentina and Chile) ; Indians of South America ; (1826-1830) ; (1831-1836) ; Natural history ; Adventure and Beagle Expedition ; South America ; Description and travel
84989,Indians of South America ; Peru ; Costume ; Description and travel
85029,To 1763 (New France) ; Canada ; History ; Indians of North America ; Iroquois Indians
85155,Paraguay ; Indians of South America ; Natural history ; Description and travel
85332,"1781-1826 ; Description and travel ; Social conditions ; Spix, Johann Baptist von, ; Mines and mineral resources ; Ethnic relations ; Travel ; 1794-1868 ; 19th century ; Brazil ; Indians of South America ; Martius, Karl Friedrich Philipp von,"
85334,Chile ; Description and travel ; Mapuche Indians ; Arauco (Chile : Province) ; Shipwrecks ; Challenger (Ship : 1826-1835) ; Indians of South America
85522,Natural history ; Languages ; Brazil ; Indians of South America ; Amazon River Valley ; Amazon Valley ; Description and travel
85963,Indians of South America ; Jesuits ; Orinoco River (Venezuela and Colombia) ; Orinoco Valley ; Ethnology ; Venezuela
85964,Brazil ; Description and travel ; Indians of South America
85967,Brazil ; Indians of South America ; Description and travel
86246,Indians of South America ; Colombia ; Description and travel ; Magdalena (Colombia : Dept.)
86279,Early works to 1800 ; History ; Orinoco River (Venezuela and Colombia) ; Indians of South America ; Jesuits ; 1556-1810 ; Venezuela ; Natural history ; Description and travel
86280,Indians of South America ; Description and travel ; Economic conditions ; French Guiana ; Guiana
86283,Description and travel ; Indians of South America ; Brazil
87039,Guiana ; Indians of South America ; Description and travel ; Guyana ; Slavery
87390,"Virginia ; History ; Indians of North America ; Colonial period, ca. 1600-1775"
87787,"1682-1773 ; Jesuits ; Travel ; South America ; Indians of South America ; Frézier, Amédée François, ; Description and travel ; Voyages and travels ; Early works to 1800 ; Peru"
94522,Description and travel ; Indians of South America ; Bakairi language ; Ge? languages ; Xingu River ; Brazil ; Scientific Expeditions ; Xingu River (Brazil)
95425,Juvenile literature ; Natural history ; Travel literature ; 1871 ; Indians of North America ; Mexico ; Description and travel ; Juvenile fiction ; Pictorial cloth bindings (Binding) ; Relief prints
95441,Description and travel ; Brazil ; Indians of South America
96076,South America ; Colonies ; Incas ; Spain ; 18th century ; Colombia ; Scientific Expeditions ; Chile ; Discovery and exploration ; Early works to 1800 ; Indians of South America ; Andes Region ; Description and travel ; Peru ; History ; Arc measures ; Sour
99321,Natural history ; Panama ; Indians of Central America ; Pre-Linnean works ; Early works to 1800 ; 18th century ; Engravings ; Description and travel ; England
99941,"Canada ; 1870 ; Hudson's Bay Company ; canimp ; Zoology ; Indians of North America ; Northwest, Canadian"
99955,"Southern States ; Early works to 1800 ; Bartram, William, ; Description and travel ; Indians of North America ; 1739-1823"
100099,Indians of South America ; Amazon River Valley ; Natural history ; Brazil ; Description and travel
101448,"active 1630-1675 ; Description and travel ; Early works to 1800 ; Travel ; Josselyn, John, ; Indians of North America ; New England"
101517,"Early works to 1800 ; Southern States ; Natural history ; Bartram, William, ; Description and travel ; Indians of North America ; 1739-1823 ; Travel"
101536,"1745-1792 ; Natural history ; 1795 ; Northwest Passage ; canimp ; Description and travel ; Indians of North America ; Early works to 1800 ; Hearne, Samuel, ; Northwest, Canadian"
102103,Imprint 1648 ; Medicine ; Indians of South America ; Natural history ; Pre-Linnean works ; Brazil
102929,"Imprint 1593 ; Tupi language ; 1534-1611 ; Glossaries, vocabularies, etc ; Indian linguistics ; approximately 1525-approximately 1576 ; 1549-1762 ; Brazil ; 1510-1571? ; History ; 1548-1580 ; Indians of South America ; Léry, Jean de, ; Natural history ; D"
102952,"New England ; Pre-Linnean works ; Natural history ; Indians of North America ; Medicine ; Zoology, Medical ; Botany, Medical"
103113,"1510-1571? ; 1549-1762 ; Glossaries, vocabularies, etc ; Indian linguistics ; Natural history ; Tupi language ; 1548-1580 ; approximately 1525-approximately 1576 ; History ; Indians of South America ; 1534-1611 ; Description and travel ; Imprint 1630 ; St"
103136,"Indians of Mexico ; Imprint 1602 ; Discovery and exploration ; Peru ; Spanish ; America ; Magellan, Strait of (Chile and Argentina) ; Description and travel ; Latin America ; Maluku (Indonesia) ; Natural history ; Indians of South America ; Weert, Sebald"
103298,Brazil ; Indians of South America ; Amazon River Valley ; Natural history
103717,"Indians of South America ; Natural history ; approximately 1525-approximately 1576 ; Imprint 1592 ; Villegaignon, Nicolas Durand de, ; History ; Tupi language ; Glossaries, vocabularies, etc ; Indian linguistics ; 1549-1762 ; Description and travel ; Stad"
103727,"Le Staden, Hans, ; 1510-1571? ; approximately 1525-approximately 1576 ; Indians of South America ; Tupi language ; 1534-1611 ; Imprint 1606 ; Imprint 1612 ; Léry, Jean de, ; History ; 1548-1580 ; 1549-1762 ; Glossaries, vocabularies, etc ; Description and"
103729,"approximately 1525-approximately 1576 ; Staden, Hans, ; Villegaignon, Nicolas Durand de, ; 1510-1571? ; Natural history ; 1548-1580 ; 1534-1611 ; History ; Imprint 1605 ; Indians of South America ; Tupi language ; Brazil ; Imprint 1597 ; Léry, Jean de, ;"
104517,"Glossaries, vocabularies, etc ; 1548-1580 ; Tupi language ; Imprint 1597 ; Indians of South America ; 1510-1571? ; Léry, Jean de, ; approximately 1525-approximately 1576 ; Brazil ; Natural history ; Description and travel ; Indian linguistics ; 1549-1762"
104745,Early works to 1800 ; Indians of South America ; Missions ; Maps ; Natural history ; South America ; Argentina ; Gran Chaco ; Chaco (Argentina) ; Description and travel ; Chaco
106909,Madeira River (Brazil and Bolivia) ; Description and travel ; Brazil ; Amazon River ; Mojo Indians ; Indians of South America
108719,Description and travel ; Southern States ; Indians of North America
109283,Southern States ; Indians of North America ; Early works to 1800 ; Description and travel
109458,Choctaw Indians ; Seminole Indians ; Muskogean Indians ; Indians of North America ; Southern States ; Cherokee Indians ; Description and travel ; Early works to 1800
109740,New England ; Medicine ; Indians of North America ; Pre-Linnean works ; Natural history
110540,"Mapuche language ; South America ; Natural history ; Chiquito language ; Guarani language ; Imprint 1847 ; Indians of South America ; Orbigny, Alcide Dessalines d', ; 1802-1857 ; Imprint 1835 ; Moro language (South America) ; Indian linguistics ; Texts ;"
110557,"To 1763 (New France) ; Indians of North America ; Botany ; Louisiana ; Florida ; Natural history ; Canada ; Expeditions ; Indians, North American ; History ; To 1803 ; Huguenot colony, 1562-1565 ; North America"
110690,Discovery and exploration ; Astronomy ; Indians of North America ; West (U.S.) ; Zoology ; Description and travel ; Archaeology ; Geology ; Surveys ; United States ; Paleontology ; Languages
110790,Indians of South America ; Latin America ; Peru ; America ; Natural history ; Discovery and exploration ; Early accounts to 1600 ; Indians of Mexico
112297,5.083(74) ; Indians of North America ; Pennsylvania ; Iroquois Indians ; New York (State) ; Niagara Falls (N.Y. and Ont.) ; Description and travel
112386,"17th century ; History ; Iran ; Indians of South America ; Brazil ; Madagascar ; Foreign relations ; Imprint 1651 ; Portugal ; Natural history ; Dutch Conquest, 1624-1654 ; Description and travel ; Egypt ; Netherlands"
113745,Niagara Falls (N.Y. and Ont.) ; Iroquois Indians ; New York (State) ; Indians of North America ; Pennsylvania ; Description and travel
115749,Early accounts to 1600 ; Indians of Mexico ; Indians of South America ; Peru ; Natural history ; Latin America ; Discovery and exploration ; America
115780,Indians of South America ; Discovery and exploration ; Natural history ; America ; Peru ; Latin America ; Early accounts to 1600 ; Indians of Mexico
115886,America ; Early accounts to 1600 ; Indians of Mexico ; Natural history ; Discovery and exploration ; Peru ; Latin America ; Indians of South America
117221,"Description and travel ; Indians of North America ; Natural history ; Northwest, Canadian ; Northwest Passage ; Imprint 1799"
117364,Mato Grosso (State) ; Xingu River (Brazil) ; Brazil ; Scientific Expeditions ; Description and travel ; Indians of South America ; Mato Grosso (Brazil : State)
118898,Aquatic ecology ; Imprint 1608 ; Florida ; Dance ; Indians of North America ; Brazil ; Religion
119039,Natural resources ; Imprint 1608 ; Languages ; Tobacco ; Indians of South America ; Brazil
119250,"Compagnie des Indes occidentales ; West Indies ; Natural history ; Indians of the West Indies ; West Indies, French ; History"
119406,"Cod fisheries ; Maritime Provinces ; Imprint 1672 ; Indians of North America ; Natural history ; Saint Lawrence, Gulf of ; Fisheries ; Description and travel"
119563,Canada ; Description and travel ; Imprint 1664 ; Early works to 1800 ; Natural history ; Indians of North America
119638,"History ; Colonial period, ca. 1600-1775 ; Louisiana ; Natural history ; Description and travel ; Indians of North America ; Mississippi River Valley"
119870,"Agriculture ; Food crops ; Dissertations, Academic ; Agronomy thesis Ph. D ; UF ; Poultry ; Feeding and feeds ; Agronomy ; Ecuador ; Indians of South America"
119908,Aztecs ; Indians of Mexico ; Agriculture
120941,Outdoor books ; Outdoor life ; Indians of North America ; Natural history ; Camping
122279,Bezoars ; Tobacco ; Early works ; Materia medica ; Early works to 1800 ; India ; Indians of North America ; Therapeutic use ; Latin America ; Tobacco use ; Snow ; Tobacco in art
122472,Description and travel ; Brazil ; Natural history ; Amazon Valley ; Amazon River Valley ; Indians of South America ; Languages
125544,Indians of Mexico ; Mexico ; Anthropometry
125597,"Chihuahua (Mexico : State) ; Joint Boundary Commission (United States and Mexic ; Mexico ; Boundaries ; Description and travel ; Bartlett, John Russell, ; Texas ; Southwest, New ; New Mexico ; 1805-1886 ; Travel ; United States ; California ; Indians of N"
129230,Natural history ; Indians of South America ; Imprint 1713 ; North America ; South America ; Civilization ; Indians of North America ; History ; Indians of Mexico
130697,Antiquities ; Indians of South America ; Mexico ; Andes ; Indians of Mexico ; Andes Region ; Peru
136046,Canada ; 1763-1791 ; 1791-1841 ; Indians of North America ; To 1763 (New France) ; Imprint 1821 ; Natural history ; History
136051,"Brazil ; Orta, Garcia de, ; Coloquios dos simples e drogas ; Natural history ; Imprint 1658 ; Indians of South America ; India ; 16th cent ; Medicine"
137705,Natural history ; Discovery and exploration ; Indians of South America ; Early accounts to 1600 ; Indians of Mexico ; Peru ; America ; Latin America
137722,Indians of South America ; Discovery and exploration ; America ; Latin America ; Natural history ; Early accounts to 1600 ; Indians of Mexico ; Peru
137733,Discovery and exploration ; Latin America ; America ; Early accounts to 1600 ; Indians of Mexico ; Natural history ; Peru ; Indians of South America
137735,Indians of Mexico ; Discovery and exploration ; To 1600 ; Early works to 1800 ; Peru ; America ; Imprint 1624 ; Natural history ; Latin America ; History ; Indians of South America
137738,Natural history ; Early accounts to 1600 ; Indians of Mexico ; Latin America ; Indians of South America ; Discovery and exploration ; Peru ; America
137744,Peru ; Discovery and exploration ; Natural history ; Early accounts to 1600 ; Indians of Mexico ; Latin America ; Indians of South America ; America
137935,Early accounts to 1600 ; Indians of Mexico ; Natural history ; Peru ; America ; Latin America ; Discovery and exploration ; Indians of South America
137942,Indians of South America ; Latin America ; Early accounts to 1600 ; Indians of Mexico ; Peru ; America ; Natural history ; Discovery and exploration
137953,Indians of South America ; Discovery and exploration ; America ; Latin America ; Early accounts to 1600 ; Indians of Mexico ; Peru ; Natural history
137960,Early accounts to 1600 ; Indians of Mexico ; America ; Indians of South America ; Discovery and exploration ; Peru ; Latin America ; Natural history
138435,"Facsimiles ; Languages ; Manuscripts, Mexican ; Writing ; Indians of Mexico"
139712,North America ; Imprint 1787 ; South America ; Mines and mineral resources ; Natural history ; Indians of South America ; Description and travel
139743,Natural history ; West (U.S.) ; Pacific railroads ; United States ; Explorations and surveys ; Description and travel ; Indians of North America ; Discovery and exploration
140152,Ethnobotany ; Northeastern States ; Plant remains (Archaeology) ; Antiquities ; Paleoethnobotany ; Indians of North America
144136,"20th century ; b. 1844 ; Economic conditions ; Mackenzie River Valley (N.W.T.) ; Economic aspects ; Indians of North America ; Agriculture ; Stewart, Elihu, ; Mackenzie River Valley ; Diseases ; Forests and forestry ; Natural resources ; Northwest Territo"
144140,Mexico City (Mexico) ; Franciscans ; Biography ; Church history ; CSAIP ; Mexico ; Imprint 1697 ; History ; Puebla de Zaragoza (Mexico) ; To 1810 ; Imprint 1698 ; Natural history ; Indians of Mexico
144676,Description and travel ; Slavery ; Guiana ; 18th century ; Natural history ; Imprint 1796 ; History ; Suriname ; Indians of South America
145660,Birds ; Texas ; Indians of North America ; Folklore ; History ; Social life and customs ; Ornithology
146438,"Indians of South America ; History ; Tupi language ; Brazil ; Description and travel ; French colony, 1555-1567"
148750,"Description and travel ; Xa?ntus, Ja?nos, ; 1825-1894 ; Travel ; United States ; Indians of North America"
149131,Forest service ; Government relations ; United States ; Indians of North America ; 1934- ; California ; Forest reserves
149775,Indians of South America ; Description and travel ; Natural history ; North America ; Mines and mineral resources ; South America
149872,Indians of South America ; Mines and mineral resources ; Natural history ; North America ; South America ; Description and travel
150459,Indians of North America ; Mississippian ; Woodland culture ; Exhibitions ; Prehistoric peoples ; Illinois ; Creative activities and seat work ; Paleontology ; Kickapoo Indians
150825,"Indians of North America ; Canada ; Florida ; Botany ; Huguenot colony, 1562-1565 ; Imprint 1744 ; Mississippi River Valley ; To 1763 (New France) ; History ; North America ; To 1803"
151526,"Mississippi River Valley ; North America ; Canada ; Indians of North America ; Botany ; Florida ; Imprint 1744 ; To 1763 (New France) ; History ; Huguenot colony, 1562-1565 ; To 1803"
155392,"Travel ; Discovery and exploration ; Brackenridge, H. M ; Mississippi river ; Louisiana ; Missouri River ; 1786-1871 ; West (U.S.) ; (Henry Marie), ; Indians of North America ; Louisiana Purchase"
155584,Mexico ; Museo Nacional de México ; Pictorial works ; Indians of Mexico ; Antiquities
156454,Natural history ; To 1803 ; Mississippi River Valley ; Indians of North America ; History ; Louisiana ; Description and travel
156633,Discovery and exploration ; Latin America ; Natural history ; America ; West Indies ; Indians of the West Indies ; Imprint 1526 ; Indians of Central America
159070,Africa ; Indians of North America ; Human skin color ; Bees ; Electronic books ; America
159252,"Athabasca and Peace River treaty expedition, 1899 ; Mammals ; Treaties ; Description and travel ; Canada ; Indians of North America ; Birds ; Alberta ; Northwest, Canadian"
159264,British Columbia ; Indians of North America ; Antiquities
159929,Phylogeny ; Dispersal ; Indians of South America ; Nomenclature (Popular) ; Rain forest animals ; Mammals ; Amazon River Region ; Ethnozoology ; Mayoruna language ; Classification ; Opossums ; Ucayali River Region ; Peru ; Mayoruna Indians ; Animal divers
162649,Economic conditions ; New Mexico ; Tewa Indians ; Indians of North America ; Zoology
163437,Ethnozoology ; Exochotrigona ; Goajiro Indians ; Bees ; stingless bees ; La Guajira (Department) ; Colombia ; Indians of South America ; Nests ; Trigonisca mepecheu ; Ethnoentomology ; Insects ; Trigonisca ; Larvae ; Classification ; Anatomy
165935,"Alberta ; Canada, Northern ; (1899) ; Athabasca and Peace River Treaty Expedition ; Athabasca and Peace River treaty expedition, 1899 ; Mammife?res ; Northern Canada ; Oiseaux ; Indians of North America ; Descriptions et voyages ; Canada ; Birds ; Moeurs"
166216,"1825-1892 ; Bates, Henry Walter, ; Natural history ; Amazon River Valley ; Brazil ; Indians of South America"
166315,Amazon River Valley ; Brazil ; Indians of South America ; Amazon Valley ; Natural history
166316,"Brazil ; Amazon River Valley ; 1825-1892 ; Natural history ; Bates, Henry Walter, ; Indians of South America"
167554,South America ; Indians of South America ; (1826-1830) ; (1831-1836) ; Natural history ; Adventure and Beagle Expedition ; Description and travel ; Beagle Expedition
168733,Indians of South America ; Suriname ; Description and travel ; Natural history
168975,"Brazil ; Indians of South America ; Amazon River Valley ; Natural history ; 1825-1892 ; Bates, Henry Walter,"
169198,Fortaleza River Valley (Peru) ; Archa?ologische Sta?tte ; Indians of South America ; Peru ; Excavations (Archaeology) ; Fortaleza River Valley ; Antiquities
169199,Pativilca River Valley ; Peru <Ost> ; Excavations (Archaeology) ; Indians of South America ; Peru ; Archaeological dating ; Pativilca River Valley (Peru) ; Antiquities ; Radiocarbon dating ; Ausgrabung
169224,Indians of Mexico ; Oaxaca Valley ; Mexico ; Land settlement patterns ; Antiquities
169234,Indians of North America ; Antiquities
173273,"Herbs ; Medicine ; Medicine, Popular ; Indians of North America ; Therapeutic use"
175070,Mexico ; Antiquities ; Oaxaca Valley ; Land settlement patterns ; Indians of Mexico
176073,New York (State) ; North America ; Pennsylvania ; Indians of North America ; Niagara Falls ; New York ; Description and travel ; Iroquois Indians ; Niagara Falls (N.Y. and Ont.) ; Travel
